<?xml version="1.0" encoding="UTF-8" standalone="no"?>
<catalog prefer="public" xmlns="urn:oasis:names:tc:entity:xmlns:xml:catalog">
    <uri id="User Entered Import Resolution" name="http://www.omg.org/spec/EDMC-FIBO/FND/OwnershipAndControl/Control/" uri="file:/C:/Documents/Ontologies/FIBO/Conceptual%20Ontology/Foundations/fnd-owl-20130827/FND/20130801/OwnershipAndControl/Control.rdf"/>
    <uri id="User Entered Import Resolution" name="http://www.omg.org/spec/EDMC-FIBO/BE/LegalEntities/LEIEntities/" uri="file:/C:/Documents/Ontologies/FIBO/Conceptual%20Ontology/Business%20Entities/be-owl-20130920/be-owl-20130821/BE/20130801/LegalEntities/LEIEntities.rdf"/>
    <uri id="User Entered Import Resolution" name="http://www.omg.org/spec/EDMC-FIBO/BE/LegalEntities/CorporateBodies/" uri="file:/C:/Documents/Ontologies/FIBO/Conceptual%20Ontology/Business%20Entities/be-owl-20130920/be-owl-20130821/BE/20130801/LegalEntities/CorporateBodies.rdf"/>
    <uri id="User Entered Import Resolution" name="http://www.omg.org/spec/EDMC-FIBO/BE/LegalEntities/FormalBusinessOrganizations/" uri="file:/C:/Documents/Ontologies/FIBO/Conceptual%20Ontology/Business%20Entities/be-owl-20130920/be-owl-20130821/BE/20130801/LegalEntities/FormalBusinessOrganizations.rdf"/>
    <uri id="User Entered Import Resolution" name="http://www.omg.org/spec/EDMC-FIBO/BE/LegalEntities/LegalPersons/" uri="file:/C:/Documents/Ontologies/FIBO/Conceptual%20Ontology/Business%20Entities/be-owl-20130920/be-owl-20130821/BE/20130801/LegalEntities/LegalPersons.rdf"/>
    <uri id="User Entered Import Resolution" name="http://www.omg.org/spec/EDMC-FIBO/FND/Law/LegalCapacity/" uri="file:/C:/Documents/Ontologies/FIBO/Conceptual%20Ontology/Foundations/fnd-owl-20130827/FND/20130801/Law/LegalCapacity.rdf"/>
    <uri id="User Entered Import Resolution" name="http://www.omg.org/spec/EDMC-FIBO/FND/Agreements/Contracts/" uri="file:/C:/Documents/Ontologies/FIBO/Conceptual%20Ontology/Foundations/fnd-owl-20130827/FND/20130801/Agreements/Contracts.rdf"/>
    <uri id="User Entered Import Resolution" name="http://www.omg.org/spec/EDMC-FIBO/FND/Agreements/Agreements/" uri="file:/C:/Documents/Ontologies/FIBO/Conceptual%20Ontology/Foundations/fnd-owl-20130827/FND/20130801/Agreements/Agreements.rdf"/>
    <uri id="User Entered Import Resolution" name="http://www.omg.org/spec/EDMC-FIBO/FND/Law/Jurisdiction/" uri="file:/C:/Documents/Ontologies/FIBO/Conceptual%20Ontology/Foundations/fnd-owl-20130827/FND/20130801/Law/Jurisdiction.rdf"/>
    <uri id="User Entered Import Resolution" name="http://www.omg.org/spec/EDMC-FIBO/FND/Law/LegalCore/" uri="file:/C:/Documents/Ontologies/FIBO/Conceptual%20Ontology/Foundations/fnd-owl-20130827/FND/20130801/Law/LegalCore.rdf"/>
    <uri id="User Entered Import Resolution" name="http://www.omg.org/spec/EDMC-FIBO/FND/Accounting/AccountingEquity/" uri="file:/C:/Documents/Ontologies/FIBO/Conceptual%20Ontology/Foundations/fnd-owl-20130827/FND/20130801/Accounting/AccountingEquity.rdf"/>
    <uri id="User Entered Import Resolution" name="http://www.omg.org/spec/EDMC-FIBO/FND/Accounting/CurrencyAmount/" uri="file:/C:/Documents/Ontologies/FIBO/Conceptual%20Ontology/Foundations/fnd-owl-20130827/FND/20130801/Accounting/CurrencyAmount.rdf"/>
    <uri id="User Entered Import Resolution" name="http://www.omg.org/spec/EDMC-FIBO/FND/OwnershipAndControl/Ownership/" uri="file:/C:/Documents/Ontologies/FIBO/Conceptual%20Ontology/Foundations/fnd-owl-20130827/FND/20130801/OwnershipAndControl/Ownership.rdf"/>
    <uri id="User Entered Import Resolution" name="http://www.omg.org/spec/EDMC-FIBO/FND/Parties/Parties/" uri="file:/C:/Documents/Ontologies/FIBO/Conceptual%20Ontology/Foundations/fnd-owl-20130827/FND/20130801/Parties/Parties.rdf"/>
    <uri id="User Entered Import Resolution" name="http://www.omg.org/spec/EDMC-FIBO/FND/Parties/Roles/" uri="file:/C:/Documents/Ontologies/FIBO/Conceptual%20Ontology/Foundations/fnd-owl-20130827/FND/20130801/Parties/Roles.rdf"/>
    <uri id="User Entered Import Resolution" name="http://www.omg.org/spec/EDMC-FIBO/FND/AgentsAndPeople/People/" uri="file:/C:/Documents/Ontologies/FIBO/Conceptual%20Ontology/Foundations/fnd-owl-20130827/FND/20130801/AgentsAndPeople/People.rdf"/>
    <uri id="User Entered Import Resolution" name="http://www.omg.org/spec/EDMC-FIBO/FND/Organizations/FormalOrganizations/" uri="file:/C:/Documents/Ontologies/FIBO/Conceptual%20Ontology/Foundations/fnd-owl-20130827/FND/20130801/Organizations/FormalOrganizations.rdf"/>
    <uri id="User Entered Import Resolution" name="http://www.omg.org/spec/EDMC-FIBO/FND/Organizations/Organizations/" uri="file:/C:/Documents/Ontologies/FIBO/Conceptual%20Ontology/Foundations/fnd-owl-20130827/FND/20130801/Organizations/Organizations.rdf"/>
    <uri id="User Entered Import Resolution" name="http://www.omg.org/spec/EDMC-FIBO/FND/GoalsAndObjectives/Goals/" uri="file:/C:/Documents/Ontologies/FIBO/Conceptual%20Ontology/Foundations/fnd-owl-20130827/FND/20130801/GoalsAndObjectives/Goals.rdf"/>
    <uri id="User Entered Import Resolution" name="http://www.omg.org/spec/EDMC-FIBO/FND/Places/Addresses/" uri="file:/C:/Documents/Ontologies/FIBO/Conceptual%20Ontology/Foundations/fnd-owl-20130827/FND/20130801/Places/Addresses.rdf"/>
    <uri id="User Entered Import Resolution" name="http://www.omg.org/spec/EDMC-FIBO/FND/Places/Countries/" uri="file:/C:/Documents/Ontologies/FIBO/Conceptual%20Ontology/Foundations/fnd-owl-20130827/FND/20130801/Places/Countries.rdf"/>
    <uri id="User Entered Import Resolution" name="http://www.omg.org/spec/EDMC-FIBO/FND/Places/Locations/" uri="file:/C:/Documents/Ontologies/FIBO/Conceptual%20Ontology/Foundations/fnd-owl-20130827/FND/20130801/Places/Locations.rdf"/>
    <uri id="User Entered Import Resolution" name="http://www.omg.org/spec/EDMC-FIBO/FND/AgentsAndPeople/Agents/" uri="file:/C:/Documents/Ontologies/FIBO/Conceptual%20Ontology/Foundations/fnd-owl-20130827/FND/20130801/AgentsAndPeople/Agents.rdf"/>
    <uri id="User Entered Import Resolution" name="http://www.omg.org/spec/EDMC-FIBO/FND/Relations/Relations/" uri="file:/C:/Documents/Ontologies/FIBO/Conceptual%20Ontology/Foundations/fnd-owl-20130827/FND/20130801/Relations/Relations.rdf"/>
    <uri id="User Entered Import Resolution" name="http://www.omg.org/spec/EDMC-FIBO/FND/Utilities/BusinessFacingTypes/" uri="file:/C:/Documents/Ontologies/FIBO/Conceptual%20Ontology/Foundations/fnd-owl-20130827/FND/20130801/Utilities/BusinessFacingTypes.rdf"/>
    <uri id="User Entered Import Resolution" name="http://www.omg.org/spec/EDMC-FIBO/FND/Utilities/AnnotationVocabulary/" uri="file:/C:/Documents/Ontologies/FIBO/Conceptual%20Ontology/Foundations/fnd-owl-20130827/FND/20130801/Utilities/AnnotationVocabulary.rdf"/>
    <uri id="User Entered Import Resolution" name="http://www.w3.org/2004/02/skos/core" uri="file:/C:/Documents/Ontologies/FIBO/Conceptual%20Ontology/Foundations/skos.rdf"/>
    <uri id="User Entered Import Resolution" name="http://www.omg.org/techprocess/ab/SpecificationMetadata/" uri="file:/C:/Documents/Ontologies/FIBO/Conceptual%20Ontology/Foundations/SpecificationMetadata.rdf"/>
    <uri id="User Entered Import Resolution" name="http://www.omg.org/spec/EDMC-FIBO/BE/Corporations/Corporations/" uri="file:/C:/Documents/Ontologies/FIBO/Conceptual%20Ontology/Business%20Entities/be-owl-20130920/be-owl-20130821/BE/20130801/Corporations/Corporations.rdf"/>
    <group id="Folder Repository, directory=, recursive=true, Auto-Update=true, version=2" prefer="public" xml:base="">
        <uri id="Automatically generated entry, Timestamp=1379713078720" name="http://www.omg.org/spec/EDMC-FIBO/BE/OwnershipAndControl/ControlParties/" uri="ControlParties.rdf"/>
        <uri id="Automatically generated entry, Timestamp=1379713078720" name="http://www.omg.org/spec/EDMC-FIBO/BE/OwnershipAndControl/CorporateControl/" uri="CorporateControl.rdf"/>
        <uri id="Automatically generated entry, Timestamp=1379713078720" name="http://www.omg.org/spec/EDMC-FIBO/BE/OwnershipAndControl/CorporateOwnership/" uri="CorporateOwnership.rdf"/>
        <uri id="Automatically generated entry, Timestamp=1379713078720" name="http://www.omg.org/spec/EDMC-FIBO/BE/OwnershipAndControl/Executives/" uri="Executives.rdf"/>
        <uri id="Automatically generated entry, Timestamp=1379713078720" name="http://www.omg.org/spec/EDMC-FIBO/BE/OwnershipAndControl/OwnershipParties/" uri="OwnershipParties.rdf"/>
        <uri id="Automatically generated entry, Timestamp=1379713078720" name="http://www.omg.org/spec/FIBO/BE/OwnershipAndControl/BERelations" uri="BERelations.owl"/>
    </group>
</catalog>
