<?xml version='1.0' ?>
<xmi:XMI xmlns:RDFProfile="http://www.omg.org/spec/ODM/20131101/RDFProfile.xmi" xmlns:OWLProfile="http://www.omg.org/spec/ODM/20131101/OWLProfile.xmi" xmlns:uml="http://www.omg.org/spec/UML/20110701" xmlns:xmi="http://www.omg.org/spec/XMI/20110701" xmlns:StandardProfileL3="http://www.omg.org/spec/UML/20110701/StandardProfileL3">
  <xmi:documentation xmi:type="xmi:Documentation">
    <exporter>MagicDraw Clean XMI Exporter</exporter>
    <exporterVersion>17.0.4</exporterVersion>
  </xmi:documentation>
  <uml:Package xmi:id="_17_0_4_2_3ed01a0_1392845210508_772445_17013" name="Math">
    <profileApplication xmi:type="uml:ProfileApplication" xmi:id="_RDFProfile-Application">
      <appliedProfile href="http://www.omg.org/spec/ODM/20131101/RDFProfile.xmi#_12_5_1_137b03ac_1193948135234_354269_2454"/>
    </profileApplication>
    <profileApplication xmi:type="uml:ProfileApplication" xmi:id="_OWLProfile-Application">
      <appliedProfile href="http://www.omg.org/spec/ODM/20131101/OWLProfile.xmi#_12_5_1_137b03ac_1194319380250_490899_3794"/>
    </profileApplication>
    <packageImport xmi:type="uml:PackageImport" xmi:id="_17_0_4_2_3ed01a0_1392845214145_251097_17175">
      <importedPackage href="http://www.omg.org/spec/EDMC-FIBO/FND/Utilities/AnnotationVocabulary.xml#_17_0_4_1_e980341_1377063568577_983321_16162"/>
    </packageImport>
    <packageImport xmi:type="uml:PackageImport" xmi:id="_17_0_4_2_3ed01a0_1392845214336_865831_17193">
      <importedPackage href="http://www.omg.org/techprocess/ab/20130701/SpecificationMetadata.xml#_17_0_4_1_e980341_1377027078421_819119_15569"/>
    </packageImport>
    <packageImport xmi:type="uml:PackageImport" xmi:id="_17_0_4_2_3ed01a0_1392845214503_911581_17210">
      <importedPackage href="http://www.omg.org/techprocess/ab/20130701/terms-proxies.xml#_17_0_1_e980341_1305128836743_55799_3797"/>
    </packageImport>
    <packageImport xmi:type="uml:PackageImport" xmi:id="_17_0_4_2_3ed01a0_1392845214675_978442_17227">
      <importedPackage href="http://www.omg.org/techprocess/ab/20130701/terms-proxies.xml#_17_0_1_e980341_1305128836743_55799_3797"/>
    </packageImport>
    <packageImport xmi:type="uml:PackageImport" xmi:id="_17_0_4_2_3ed01a0_1392845214864_235891_17233">
      <importedPackage href="http://www.omg.org/techprocess/ab/20130701/dcam-proxies.xml#_17_0_2_e980341_1314659651978_327854_4353"/>
    </packageImport>
    <packageImport xmi:type="uml:PackageImport" xmi:id="_17_0_4_2_3ed01a0_1392845215105_166413_17250">
      <importedPackage href="http://www.omg.org/techprocess/ab/20130701/dcelements-proxies.xml#_17_0_1_e980341_1305063406286_98817_3797"/>
    </packageImport>
    <packagedElement xmi:type="uml:Package" xmi:id="_17_0_4_2_3ed01a0_1392845210580_113452_17018" name="Proxies">
      <packagedElement xmi:type="uml:Class" xmi:id="_17_0_4_2_3ed01a0_1392845212031_41923_17049" name="Thing">
        <generalization xmi:type="uml:Generalization" xmi:id="_17_0_4_2_3ed01a0_1392845212145_760093_17058">
          <general href="http://www.omg.org/spec/ODM/20131101/OWLLibrary.xmi#_16_0_1_137b03ac_1234922700093_543315_1571"/>
        </generalization>
      </packagedElement>
      <packagedElement xmi:type="uml:Class" xmi:id="_17_0_4_2_3ed01a0_1392845212158_869538_17060" name="Nothing">
        <generalization xmi:type="uml:Generalization" xmi:id="_17_0_4_2_3ed01a0_1392845212194_343850_17068">
          <general href="http://www.omg.org/spec/ODM/20131101/OWLLibrary.xmi#_16_0_1_137b03ac_1234922626781_157578_1550"/>
        </generalization>
      </packagedElement>
      <packagedElement xmi:type="uml:DataType" xmi:id="_17_0_4_2_3ed01a0_1392845212207_71707_17070" name="Literal">
        <generalization xmi:type="uml:Generalization" xmi:id="_17_0_4_2_3ed01a0_1392845212247_579454_17078">
          <general href="http://www.omg.org/spec/ODM/20131101/RDFLibrary.xmi#_16_5_4_630020f_1257990628394_116475_394"/>
        </generalization>
      </packagedElement>
      <packagedElement xmi:type="uml:DataType" xmi:id="_17_0_4_2_3ed01a0_1392845212262_88002_17080" name="string">
        <generalization xmi:type="uml:Generalization" xmi:id="_17_0_4_2_3ed01a0_1392845212305_659007_17088">
          <general href="http://www.omg.org/spec/ODM/20131101/XSDLibrary.xmi#_16_0_1_630020f_1243218333088_989061_501"/>
        </generalization>
      </packagedElement>
      <packagedElement xmi:type="uml:Class" xmi:id="_17_0_4_2_3ed01a0_1392845212319_305538_17090" name="Resource">
        <generalization xmi:type="uml:Generalization" xmi:id="_17_0_4_2_3ed01a0_1392845212363_659089_17098">
          <general href="http://www.omg.org/spec/ODM/20131101/RDFLibrary.xmi#_16_6_630020f_1258397255245_490233_959"/>
        </generalization>
      </packagedElement>
    </packagedElement>
    <packagedElement xmi:type="uml:Package" xmi:id="_17_0_4_2_3ed01a0_1392845210587_244719_17020" name="Auxiliary Elements">
      <packagedElement xmi:type="uml:Package" xmi:id="_17_0_4_2_3ed01a0_1392845210594_900056_17022" name="Namespaces">
        <packagedElement xmi:type="uml:InstanceSpecification" xmi:id="_17_0_4_2_3ed01a0_1392845217105_939829_17267"/>
        <packagedElement xmi:type="uml:InstanceSpecification" xmi:id="_17_0_4_2_3ed01a0_1392845217138_755604_17276" name="sm"/>
        <packagedElement xmi:type="uml:InstanceSpecification" xmi:id="_17_0_4_2_3ed01a0_1392845217146_232192_17283" name="dct"/>
        <packagedElement xmi:type="uml:InstanceSpecification" xmi:id="_17_0_4_2_3ed01a0_1392845217155_509378_17290" name="owl"/>
        <packagedElement xmi:type="uml:InstanceSpecification" xmi:id="_17_0_4_2_3ed01a0_1392845217162_987027_17297" name="rdf"/>
        <packagedElement xmi:type="uml:InstanceSpecification" xmi:id="_17_0_4_2_3ed01a0_1392845217170_909949_17304" name="xsd"/>
        <packagedElement xmi:type="uml:InstanceSpecification" xmi:id="_17_0_4_2_3ed01a0_1392845217178_617498_17311" name="rdfs"/>
        <packagedElement xmi:type="uml:InstanceSpecification" xmi:id="_17_0_4_2_3ed01a0_1392845217186_974524_17318" name="skos"/>
        <packagedElement xmi:type="uml:InstanceSpecification" xmi:id="_17_0_4_2_3ed01a0_1392845217194_758083_17325" name="fibo-fnd-utl-av"/>
        <packagedElement xmi:type="uml:InstanceSpecification" xmi:id="_17_0_4_2_3ed01a0_1392845217202_925108_17332" name="fibo-fnd-utl-math"/>
      </packagedElement>
      <packagedElement xmi:type="uml:Package" xmi:id="_17_0_4_2_3ed01a0_1392845210599_650383_17024" name="Blank Nodes"/>
      <packagedElement xmi:type="uml:Package" xmi:id="_17_0_4_2_3ed01a0_1392845210604_323955_17026" name="Restrictions"/>
      <packagedElement xmi:type="uml:Package" xmi:id="_17_0_4_2_3ed01a0_1392845210609_393684_17028" name="Annotations">
        <packagedElement xmi:type="uml:Dependency" xmi:id="_17_0_4_2_3ed01a0_1392845218148_54091_17359">
          <client xmi:idref="_17_0_4_2_3ed01a0_1392845218029_65163_17341"/>
          <supplier xmi:idref="_17_0_4_2_3ed01a0_1392845218161_480106_17361"/>
        </packagedElement>
        <packagedElement xmi:type="uml:Dependency" xmi:id="_17_0_4_2_3ed01a0_1392845218177_4237_17366">
          <client xmi:idref="_17_0_4_2_3ed01a0_1392845210508_772445_17013"/>
          <supplier xmi:idref="_17_0_4_2_3ed01a0_1392845218193_584694_17368"/>
        </packagedElement>
        <packagedElement xmi:type="uml:Dependency" xmi:id="_17_0_4_2_3ed01a0_1392845218215_153043_17375">
          <client xmi:idref="_17_0_4_2_3ed01a0_1392845210508_772445_17013"/>
          <supplier xmi:idref="_17_0_4_2_3ed01a0_1392845218229_517348_17377"/>
        </packagedElement>
        <packagedElement xmi:type="uml:Dependency" xmi:id="_17_0_4_2_3ed01a0_1392845218249_777022_17384">
          <client xmi:idref="_17_0_4_2_3ed01a0_1392845210508_772445_17013"/>
          <supplier xmi:idref="_17_0_4_2_3ed01a0_1392845218263_616307_17386"/>
        </packagedElement>
        <packagedElement xmi:type="uml:Dependency" xmi:id="_17_0_4_2_3ed01a0_1392845218282_963941_17393">
          <client xmi:idref="_17_0_4_2_3ed01a0_1392845210508_772445_17013"/>
          <supplier xmi:idref="_17_0_4_2_3ed01a0_1392845218294_750238_17395"/>
        </packagedElement>
        <packagedElement xmi:type="uml:Dependency" xmi:id="_17_0_4_2_3ed01a0_1392845218314_520680_17402">
          <client xmi:idref="_17_0_4_2_3ed01a0_1392845210508_772445_17013"/>
          <supplier xmi:idref="_17_0_4_2_3ed01a0_1392845218335_106501_17404"/>
        </packagedElement>
        <packagedElement xmi:type="uml:Dependency" xmi:id="_17_0_4_2_3ed01a0_1392845218358_256705_17411">
          <client xmi:idref="_17_0_4_2_3ed01a0_1392845210508_772445_17013"/>
          <supplier xmi:idref="_17_0_4_2_3ed01a0_1392845218369_861546_17413"/>
        </packagedElement>
        <packagedElement xmi:type="uml:Dependency" xmi:id="_17_0_4_2_3ed01a0_1392845218385_947647_17420">
          <client xmi:idref="_17_0_4_2_3ed01a0_1392845210508_772445_17013"/>
          <supplier xmi:idref="_17_0_4_2_3ed01a0_1392845218397_344039_17422"/>
        </packagedElement>
        <packagedElement xmi:type="uml:Dependency" xmi:id="_17_0_4_2_3ed01a0_1392845218418_589877_17429">
          <client xmi:idref="_17_0_4_2_3ed01a0_1392845210508_772445_17013"/>
          <supplier xmi:idref="_17_0_4_2_3ed01a0_1392845218432_243563_17431"/>
        </packagedElement>
        <packagedElement xmi:type="uml:Dependency" xmi:id="_17_0_4_2_3ed01a0_1392845218453_490287_17438">
          <client xmi:idref="_17_0_4_2_3ed01a0_1392845210508_772445_17013"/>
          <supplier xmi:idref="_17_0_4_2_3ed01a0_1392845218465_679270_17440"/>
        </packagedElement>
        <packagedElement xmi:type="uml:Dependency" xmi:id="_17_0_4_2_3ed01a0_1392845218484_986085_17447">
          <client xmi:idref="_17_0_4_2_3ed01a0_1392845210508_772445_17013"/>
          <supplier xmi:idref="_17_0_4_2_3ed01a0_1392845218497_798573_17449"/>
        </packagedElement>
        <packagedElement xmi:type="uml:Dependency" xmi:id="_17_0_4_2_3ed01a0_1392845218519_197990_17456">
          <client xmi:idref="_17_0_4_2_3ed01a0_1392845210508_772445_17013"/>
          <supplier xmi:idref="_17_0_4_2_3ed01a0_1392845218534_505800_17458"/>
        </packagedElement>
        <packagedElement xmi:type="uml:Dependency" xmi:id="_17_0_4_2_3ed01a0_1392845218556_990343_17465">
          <client xmi:idref="_17_0_4_2_3ed01a0_1392845210508_772445_17013"/>
          <supplier xmi:idref="_17_0_4_2_3ed01a0_1392845218569_189076_17467"/>
        </packagedElement>
        <packagedElement xmi:type="uml:Dependency" xmi:id="_17_0_4_2_3ed01a0_1392845218594_7156_17474">
          <client xmi:idref="_17_0_4_2_3ed01a0_1392845210508_772445_17013"/>
          <supplier xmi:idref="_17_0_4_2_3ed01a0_1392845218609_483964_17476"/>
        </packagedElement>
        <packagedElement xmi:type="uml:Dependency" xmi:id="_17_0_4_2_3ed01a0_1392845218652_269284_17486">
          <client xmi:idref="_17_0_4_2_3ed01a0_1392845210508_772445_17013"/>
          <supplier xmi:idref="_17_0_4_2_3ed01a0_1392845218669_920261_17488"/>
        </packagedElement>
        <packagedElement xmi:type="uml:Dependency" xmi:id="_17_0_4_2_3ed01a0_1392845218688_806786_17495">
          <client xmi:idref="_17_0_4_2_3ed01a0_1392845210508_772445_17013"/>
          <supplier xmi:idref="_17_0_4_2_3ed01a0_1392845218702_25070_17497"/>
        </packagedElement>
        <packagedElement xmi:type="uml:Dependency" xmi:id="_17_0_4_2_3ed01a0_1392845218722_897906_17504">
          <client xmi:idref="_17_0_4_2_3ed01a0_1392845210508_772445_17013"/>
          <supplier xmi:idref="_17_0_4_2_3ed01a0_1392845218737_920878_17506"/>
        </packagedElement>
        <packagedElement xmi:type="uml:Dependency" xmi:id="_17_0_4_2_3ed01a0_1392845218755_244338_17513">
          <client xmi:idref="_17_0_4_2_3ed01a0_1392845210508_772445_17013"/>
          <supplier xmi:idref="_17_0_4_2_3ed01a0_1392845218770_53876_17515"/>
        </packagedElement>
        <packagedElement xmi:type="uml:Dependency" xmi:id="_17_0_4_2_3ed01a0_1392845218789_968972_17522">
          <client xmi:idref="_17_0_4_2_3ed01a0_1392845210508_772445_17013"/>
          <supplier xmi:idref="_17_0_4_2_3ed01a0_1392845218803_831676_17524"/>
        </packagedElement>
        <packagedElement xmi:type="uml:Dependency" xmi:id="_17_0_4_2_3ed01a0_1392845218821_851258_17531">
          <client xmi:idref="_17_0_4_2_3ed01a0_1392845210508_772445_17013"/>
          <supplier xmi:idref="_17_0_4_2_3ed01a0_1392845218836_626960_17533"/>
        </packagedElement>
        <packagedElement xmi:type="uml:Dependency" xmi:id="_17_0_4_2_3ed01a0_1392845218854_451188_17540">
          <client xmi:idref="_17_0_4_2_3ed01a0_1392845210508_772445_17013"/>
          <supplier xmi:idref="_17_0_4_2_3ed01a0_1392845218569_189076_17467"/>
        </packagedElement>
        <packagedElement xmi:type="uml:Dependency" xmi:id="_17_0_4_2_3ed01a0_1392845218879_852116_17544">
          <client xmi:idref="_17_0_4_2_3ed01a0_1392845210508_772445_17013"/>
          <supplier xmi:idref="_17_0_4_2_3ed01a0_1392845218891_959847_17546"/>
        </packagedElement>
        <packagedElement xmi:type="uml:Dependency" xmi:id="_17_0_4_2_3ed01a0_1392845218911_487972_17553">
          <client xmi:idref="_17_0_4_2_3ed01a0_1392845210508_772445_17013"/>
          <supplier xmi:idref="_17_0_4_2_3ed01a0_1392845218927_999252_17555"/>
        </packagedElement>
        <packagedElement xmi:type="uml:Dependency" xmi:id="_17_0_4_2_3ed01a0_1392845218948_315185_17562">
          <client xmi:idref="_17_0_4_2_3ed01a0_1392845210508_772445_17013"/>
          <supplier xmi:idref="_17_0_4_2_3ed01a0_1392845218965_486371_17564"/>
        </packagedElement>
        <packagedElement xmi:type="uml:Dependency" xmi:id="_17_0_4_2_3ed01a0_1392845218987_461033_17571">
          <client xmi:idref="_17_0_4_2_3ed01a0_1392845210508_772445_17013"/>
          <supplier xmi:idref="_17_0_4_2_3ed01a0_1392845219003_652310_17573"/>
        </packagedElement>
        <packagedElement xmi:type="uml:Dependency" xmi:id="_17_0_4_2_3ed01a0_1392845219027_26068_17580">
          <client xmi:idref="_17_0_4_2_3ed01a0_1392845210508_772445_17013"/>
          <supplier xmi:idref="_17_0_4_2_3ed01a0_1392845219043_753662_17582"/>
        </packagedElement>
        <packagedElement xmi:type="uml:Dependency" xmi:id="_17_0_4_2_3ed01a0_1392845219066_266219_17589">
          <client xmi:idref="_17_0_4_2_3ed01a0_1392845210508_772445_17013"/>
          <supplier xmi:idref="_17_0_4_2_3ed01a0_1392845219081_689047_17591"/>
        </packagedElement>
        <packagedElement xmi:type="uml:Dependency" xmi:id="_17_0_4_2_3ed01a0_1392845219097_479163_17598">
          <client xmi:idref="_17_0_4_2_3ed01a0_1392845210508_772445_17013"/>
          <supplier xmi:idref="_17_0_4_2_3ed01a0_1392845219108_680923_17600"/>
        </packagedElement>
        <packagedElement xmi:type="uml:Dependency" xmi:id="_17_0_4_2_3ed01a0_1392845219126_774458_17607">
          <client xmi:idref="_17_0_4_2_3ed01a0_1392845210508_772445_17013"/>
          <supplier xmi:idref="_17_0_4_2_3ed01a0_1392845219139_160207_17609"/>
        </packagedElement>
        <packagedElement xmi:type="uml:Dependency" xmi:id="_17_0_4_2_3ed01a0_1392845219153_568606_17616">
          <client xmi:idref="_17_0_4_2_3ed01a0_1392845210508_772445_17013"/>
          <supplier xmi:idref="_17_0_4_2_3ed01a0_1392845219166_808216_17618"/>
        </packagedElement>
        <packagedElement xmi:type="uml:Dependency" xmi:id="_17_0_4_2_3ed01a0_1392845219183_172892_17625">
          <client xmi:idref="_17_0_4_2_3ed01a0_1392845210508_772445_17013"/>
          <supplier xmi:idref="_17_0_4_2_3ed01a0_1392845219194_532694_17627"/>
        </packagedElement>
        <packagedElement xmi:type="uml:Dependency" xmi:id="_17_0_4_2_3ed01a0_1392845219212_756981_17634">
          <client xmi:idref="_17_0_4_2_3ed01a0_1392845210508_772445_17013"/>
          <supplier xmi:idref="_17_0_4_2_3ed01a0_1392845219225_903122_17636"/>
        </packagedElement>
        <packagedElement xmi:type="uml:Dependency" xmi:id="_17_0_4_2_3ed01a0_1392845219242_758147_17643">
          <client xmi:idref="_17_0_4_2_3ed01a0_1392845210508_772445_17013"/>
          <supplier xmi:idref="_17_0_4_2_3ed01a0_1392845219254_8715_17645"/>
        </packagedElement>
        <packagedElement xmi:type="uml:Dependency" xmi:id="_17_0_4_2_3ed01a0_1392845219269_288535_17652">
          <client xmi:idref="_17_0_4_2_3ed01a0_1392845210508_772445_17013"/>
          <supplier xmi:idref="_17_0_4_2_3ed01a0_1392845219283_838183_17654"/>
        </packagedElement>
        <packagedElement xmi:type="uml:Dependency" xmi:id="_17_0_4_2_3ed01a0_1392845219304_71248_17661">
          <client xmi:idref="_17_0_4_2_3ed01a0_1392845210508_772445_17013"/>
          <supplier xmi:idref="_17_0_4_2_3ed01a0_1392845219316_966777_17663"/>
        </packagedElement>
        <packagedElement xmi:type="uml:Dependency" xmi:id="_17_0_4_2_3ed01a0_1392845219335_65249_17670">
          <client xmi:idref="_17_0_4_2_3ed01a0_1392845210508_772445_17013"/>
          <supplier xmi:idref="_17_0_4_2_3ed01a0_1392845219355_374224_17672"/>
        </packagedElement>
        <packagedElement xmi:type="uml:Dependency" xmi:id="_17_0_4_2_3ed01a0_1392845219365_237625_17677">
          <client xmi:idref="_17_0_4_2_3ed01a0_1392845210508_772445_17013"/>
          <supplier xmi:idref="_17_0_4_2_3ed01a0_1392845219377_368778_17679"/>
        </packagedElement>
        <packagedElement xmi:type="uml:Dependency" xmi:id="_17_0_4_2_3ed01a0_1392845219468_59545_17686">
          <client xmi:idref="_17_0_4_2_3ed01a0_1392845210508_772445_17013"/>
          <supplier xmi:idref="_17_0_4_2_3ed01a0_1392845219477_69565_17688"/>
        </packagedElement>
        <packagedElement xmi:type="uml:Dependency" xmi:id="_17_0_4_2_3ed01a0_1392845219491_986191_17695">
          <client xmi:idref="_17_0_4_2_3ed01a0_1392845210508_772445_17013"/>
          <supplier xmi:idref="_17_0_4_2_3ed01a0_1392845219500_82643_17697"/>
        </packagedElement>
        <packagedElement xmi:type="uml:Dependency" xmi:id="_17_0_4_2_3ed01a0_1392845219517_177504_17704">
          <client xmi:idref="_17_0_4_2_3ed01a0_1392845210508_772445_17013"/>
          <supplier xmi:idref="_17_0_4_2_3ed01a0_1392845219526_731890_17706"/>
        </packagedElement>
        <packagedElement xmi:type="uml:Dependency" xmi:id="_17_0_4_2_3ed01a0_1392845219539_741900_17713">
          <client xmi:idref="_17_0_4_2_3ed01a0_1392845210508_772445_17013"/>
          <supplier xmi:idref="_17_0_4_2_3ed01a0_1392845219548_601459_17715"/>
        </packagedElement>
      </packagedElement>
      <packagedElement xmi:type="uml:Package" xmi:id="_17_0_4_2_3ed01a0_1392845210615_343672_17030" name="Labels"/>
      <packagedElement xmi:type="uml:Package" xmi:id="_17_0_4_2_3ed01a0_1392845210621_139512_17032" name="Comments"/>
      <packagedElement xmi:type="uml:Package" xmi:id="_17_0_4_2_3ed01a0_1392845210626_253263_17034" name="URIs">
        <packagedElement xmi:type="uml:Dependency" xmi:id="_17_0_4_2_3ed01a0_1392845210842_259218_17047">
          <client xmi:idref="_17_0_4_2_3ed01a0_1392845210508_772445_17013"/>
          <supplier xmi:idref="_17_0_4_2_3ed01a0_1392845210801_374227_17042"/>
        </packagedElement>
        <packagedElement xmi:type="uml:InstanceSpecification" xmi:id="_17_0_4_2_3ed01a0_1392845210801_374227_17042" name="http://www.omg.org/spec/EDMC-FIBO/FND/Utilities/Math/">
          <specification xmi:type="uml:LiteralString" xmi:id="_17_0_4_2_3ed01a0_1392845210801_765528_17043" value="http://www.omg.org/spec/EDMC-FIBO/FND/Utilities/Math/"/>
        </packagedElement>
        <packagedElement xmi:type="uml:InstanceSpecification" xmi:id="_17_0_4_2_3ed01a0_1392845212123_345516_17052">
          <specification xmi:type="uml:LiteralString" xmi:id="_17_0_4_2_3ed01a0_1392845212123_779359_17053" value="http://www.w3.org/2002/07/owl#Thing"/>
        </packagedElement>
        <packagedElement xmi:type="uml:Dependency" xmi:id="_17_0_4_2_3ed01a0_1392845212133_234884_17056">
          <client xmi:idref="_17_0_4_2_3ed01a0_1392845212031_41923_17049"/>
          <supplier xmi:idref="_17_0_4_2_3ed01a0_1392845212123_345516_17052"/>
        </packagedElement>
        <packagedElement xmi:type="uml:InstanceSpecification" xmi:id="_17_0_4_2_3ed01a0_1392845212174_841052_17062">
          <specification xmi:type="uml:LiteralString" xmi:id="_17_0_4_2_3ed01a0_1392845212174_979489_17063" value="http://www.w3.org/2002/07/owl#Nothing"/>
        </packagedElement>
        <packagedElement xmi:type="uml:Dependency" xmi:id="_17_0_4_2_3ed01a0_1392845212184_237555_17066">
          <client xmi:idref="_17_0_4_2_3ed01a0_1392845212158_869538_17060"/>
          <supplier xmi:idref="_17_0_4_2_3ed01a0_1392845212174_841052_17062"/>
        </packagedElement>
        <packagedElement xmi:type="uml:InstanceSpecification" xmi:id="_17_0_4_2_3ed01a0_1392845212226_867730_17072">
          <specification xmi:type="uml:LiteralString" xmi:id="_17_0_4_2_3ed01a0_1392845212227_278147_17073" value="http://www.w3.org/2000/01/rdf-schema#Literal"/>
        </packagedElement>
        <packagedElement xmi:type="uml:Dependency" xmi:id="_17_0_4_2_3ed01a0_1392845212237_633906_17076">
          <client xmi:idref="_17_0_4_2_3ed01a0_1392845212207_71707_17070"/>
          <supplier xmi:idref="_17_0_4_2_3ed01a0_1392845212226_867730_17072"/>
        </packagedElement>
        <packagedElement xmi:type="uml:InstanceSpecification" xmi:id="_17_0_4_2_3ed01a0_1392845212281_725956_17082">
          <specification xmi:type="uml:LiteralString" xmi:id="_17_0_4_2_3ed01a0_1392845212281_190243_17083" value="http://www.w3.org/2001/XMLSchema#string"/>
        </packagedElement>
        <packagedElement xmi:type="uml:Dependency" xmi:id="_17_0_4_2_3ed01a0_1392845212291_996388_17086">
          <client xmi:idref="_17_0_4_2_3ed01a0_1392845212262_88002_17080"/>
          <supplier xmi:idref="_17_0_4_2_3ed01a0_1392845212281_725956_17082"/>
        </packagedElement>
        <packagedElement xmi:type="uml:InstanceSpecification" xmi:id="_17_0_4_2_3ed01a0_1392845212338_927016_17092">
          <specification xmi:type="uml:LiteralString" xmi:id="_17_0_4_2_3ed01a0_1392845212338_987980_17093" value="http://www.w3.org/2000/01/rdf-schema#Resource"/>
        </packagedElement>
        <packagedElement xmi:type="uml:Dependency" xmi:id="_17_0_4_2_3ed01a0_1392845212351_353502_17096">
          <client xmi:idref="_17_0_4_2_3ed01a0_1392845212319_305538_17090"/>
          <supplier xmi:idref="_17_0_4_2_3ed01a0_1392845212338_927016_17092"/>
        </packagedElement>
        <packagedElement xmi:type="uml:InstanceSpecification" xmi:id="_17_0_4_2_3ed01a0_1392845218041_62724_17345">
          <specification xmi:type="uml:LiteralString" xmi:id="_17_0_4_2_3ed01a0_1392845218041_152999_17346" value="http://www.omg.org/spec/EDMC-FIBO/FND/Utilities/Math/hasOperand"/>
        </packagedElement>
        <packagedElement xmi:type="uml:Dependency" xmi:id="_17_0_4_2_3ed01a0_1392845218055_304426_17349">
          <client xmi:idref="_17_0_4_2_3ed01a0_1392845218029_65163_17341"/>
          <supplier xmi:idref="_17_0_4_2_3ed01a0_1392845218041_62724_17345"/>
        </packagedElement>
        <packagedElement xmi:type="uml:InstanceSpecification" xmi:id="_17_0_4_2_3ed01a0_1393103548062_82191_17233" name="http://www.omg.org/spec/EDMC-FIBO/FND/20140201/Utilities/Math/">
          <classifier href="http://www.omg.org/spec/ODM/20131101/RDFLibrary.xmi#_17_0_1_15100de_1306029616400_602696_1873"/>
          <specification xmi:type="uml:LiteralString" xmi:id="_17_0_4_2_3ed01a0_1393103550365_363183_17246" value="http://www.omg.org/spec/EDMC-FIBO/FND/20140201/Utilities/Math/"/>
        </packagedElement>
      </packagedElement>
      <packagedElement xmi:type="uml:Package" xmi:id="_17_0_4_2_3ed01a0_1392845210631_659374_17036" name="Literals">
        <packagedElement xmi:type="uml:InstanceSpecification" xmi:id="_17_0_4_2_3ed01a0_1392845218161_480106_17361">
          <specification xmi:type="uml:LiteralString" xmi:id="_17_0_4_2_3ed01a0_1392845218167_390349_17363" value="the operand of some mathematical parameter or thing"/>
        </packagedElement>
        <packagedElement xmi:type="uml:InstanceSpecification" xmi:id="_17_0_4_2_3ed01a0_1392845218193_584694_17368">
          <specification xmi:type="uml:LiteralString" xmi:id="_17_0_4_2_3ed01a0_1392845218199_671174_17370" value="1.01"/>
        </packagedElement>
        <packagedElement xmi:type="uml:InstanceSpecification" xmi:id="_17_0_4_2_3ed01a0_1392845218229_517348_17377">
          <specification xmi:type="uml:LiteralString" xmi:id="_17_0_4_2_3ed01a0_1392845218235_941708_17379" value="http://www.omg.org/techprocess/ab/SpecificationMetadata/"/>
        </packagedElement>
        <packagedElement xmi:type="uml:InstanceSpecification" xmi:id="_17_0_4_2_3ed01a0_1392845218263_616307_17386">
          <specification xmi:type="uml:LiteralString" xmi:id="_17_0_4_2_3ed01a0_1392845218269_306416_17388" value="1.01"/>
        </packagedElement>
        <packagedElement xmi:type="uml:InstanceSpecification" xmi:id="_17_0_4_2_3ed01a0_1392845218294_750238_17395">
          <specification xmi:type="uml:LiteralString" xmi:id="_17_0_4_2_3ed01a0_1392845218300_539481_17397" value="foundational vocabulary"/>
        </packagedElement>
        <packagedElement xmi:type="uml:InstanceSpecification" xmi:id="_17_0_4_2_3ed01a0_1392845218335_106501_17404">
          <specification xmi:type="uml:LiteralString" xmi:id="_17_0_4_2_3ed01a0_1392845218346_355255_17406" value="The MIT License:  Permission is hereby granted, free of charge, to any person obtaining a copy of this software and associated documentation files (the &quot;Software&quot;), to deal in the Software without restriction, including without limitation the rights to use, copy, modify, merge, publish, distribute, sublicense, and/or sell copies of the Software, and to permit persons to whom the Software is furnished to do so, subject to the following conditions:&#xA;&#xA;The copyright notice and this permission notice shall be included in all copies or substantial portions of the Software.&#xA;&#xA;THE SOFTWARE IS PROVIDED &quot;AS IS&quot;, WITHOUT WARRANTY OF ANY KIND, EXPRESS OR IMPLIED, INCLUDING BUT NOT LIMITED TO THE WARRANTIES OF MERCHANTABILITY, FITNESS FOR A PARTICULAR PURPOSE&#xA;AND NONINFRINGEMENT.  IN NO EVENT SHALL THE AUTHORS OR COPYRIGHT HOLDERS BE LIABLE FOR ANY CLAIM, DAMAGES OR OTHER LIABILITY, WHETHER IN AN ACTION OF CONTRACT, TORT OR OTHERWISE, ARISING FROM, OUT OF OR IN CONNECTION WITH THE SOFTWARE OR THE USE OR OTHER DEALINGS IN THE SOFTWARE."/>
        </packagedElement>
        <packagedElement xmi:type="uml:InstanceSpecification" xmi:id="_17_0_4_2_3ed01a0_1392845218369_861546_17413">
          <specification xmi:type="uml:LiteralString" xmi:id="_17_0_4_2_3ed01a0_1392845218374_312266_17415" value="Ontologies which provide annotations and business facing datatypes to be used in other ontologies. These ontologies are not expected to be used directly by business stakeholders and are for the definition of material which is used by semantic modelers in Foundations and in other FIBO ontologies."/>
        </packagedElement>
        <packagedElement xmi:type="uml:InstanceSpecification" xmi:id="_17_0_4_2_3ed01a0_1392845218397_344039_17422">
          <specification xmi:type="uml:LiteralString" xmi:id="_17_0_4_2_3ed01a0_1392845218405_942035_17424" value="Utilities"/>
        </packagedElement>
        <packagedElement xmi:type="uml:InstanceSpecification" xmi:id="_17_0_4_2_3ed01a0_1392845218432_243563_17431">
          <specification xmi:type="uml:LiteralString" xmi:id="_17_0_4_2_3ed01a0_1392845218440_986212_17433" value="This ontology provides mathematical abstractions for use in other ontologies, including for example the basic components of formulae, parameters and values."/>
        </packagedElement>
        <packagedElement xmi:type="uml:InstanceSpecification" xmi:id="_17_0_4_2_3ed01a0_1392845218465_679270_17440">
          <specification xmi:type="uml:LiteralString" xmi:id="_17_0_4_2_3ed01a0_1392845218470_138546_17442" value="ontology"/>
        </packagedElement>
        <packagedElement xmi:type="uml:InstanceSpecification" xmi:id="_17_0_4_2_3ed01a0_1392845218497_798573_17449">
          <specification xmi:type="uml:LiteralString" xmi:id="_17_0_4_2_3ed01a0_1392845218504_772944_17451" value="formal semantics"/>
        </packagedElement>
        <packagedElement xmi:type="uml:InstanceSpecification" xmi:id="_17_0_4_2_3ed01a0_1392845218534_505800_17458">
          <specification xmi:type="uml:LiteralString" xmi:id="_17_0_4_2_3ed01a0_1392845218541_190064_17460" value="This version of the FIBO Foundations Specification was revised primarily to reflect comments received at the March 2013 OMG Technical Meeting in Reston and reflected in the Errata discussed at the June 2013 OMG Technical Meeting in Berlin. Additional revisions are made to support FIBO Business Entities and (in February 2014) FIBO Indices and Indicators.&#xA;&#x9;&#x9;&#xA;Revisions to FIBO Foundations are managed per the process outlined in the Policies and Procedures for OMG standards, with the intent to maintain backwards compatibility in the ontologies to the degree possible.&#xA;  &#xA;The RDF/XML serialized OWL for the Foundations ODM/OWL ontologies have been checked for syntactic errors and logical consistency with Protege 4 (http://protege.stanford.edu/), HermiT 1.3.7 (http://www.hermit-reasoner.com/) and Pellet 2.2 (http://clarkparsia.com/pellet/)."/>
        </packagedElement>
        <packagedElement xmi:type="uml:InstanceSpecification" xmi:id="_17_0_4_2_3ed01a0_1392845218569_189076_17467">
          <specification xmi:type="uml:LiteralString" xmi:id="_17_0_4_2_3ed01a0_1392845218575_948116_17469" value="FIBO"/>
        </packagedElement>
        <packagedElement xmi:type="uml:InstanceSpecification" xmi:id="_17_0_4_2_3ed01a0_1392845218609_483964_17476">
          <specification xmi:type="uml:LiteralString" xmi:id="_17_0_4_2_3ed01a0_1392845218616_154806_17478" value="http://opensource.org/licenses/mit-license.php"/>
        </packagedElement>
        <packagedElement xmi:type="uml:InstanceSpecification" xmi:id="_17_0_4_2_3ed01a0_1392845218669_920261_17488">
          <specification xmi:type="uml:LiteralString" xmi:id="_17_0_4_2_3ed01a0_1392845218675_57864_17490" value="FIBO Foundations is a set of business concepts which are intended to support the financial industry terms semantics presented in other FIBO specifications.  &#xA;&#xA;The FIBO Foundations models define concepts which are not unique to the financial services industry. From these, financial industry terms in other FIBO specifications may be derived by extension. Terms are also included which may be referred to by properties of things in those specifications. FIBO Foundations therefore includes a number of basic terms about legal, contractual and organizational concepts, among others."/>
        </packagedElement>
        <packagedElement xmi:type="uml:InstanceSpecification" xmi:id="_17_0_4_2_3ed01a0_1392845218702_25070_17497">
          <specification xmi:type="uml:LiteralString" xmi:id="_17_0_4_2_3ed01a0_1392845218708_793036_17499" value="FIBO-FND-UTL"/>
        </packagedElement>
        <packagedElement xmi:type="uml:InstanceSpecification" xmi:id="_17_0_4_2_3ed01a0_1392845218737_920878_17506">
          <specification xmi:type="uml:LiteralString" xmi:id="_17_0_4_2_3ed01a0_1392845218743_247533_17508" value="http://www.omg.org/spec/EDMC-FIBO/FND/"/>
        </packagedElement>
        <packagedElement xmi:type="uml:InstanceSpecification" xmi:id="_17_0_4_2_3ed01a0_1392845218770_53876_17515">
          <specification xmi:type="uml:LiteralString" xmi:id="_17_0_4_2_3ed01a0_1392845218776_330977_17517" value="Adaptive, Inc."/>
        </packagedElement>
        <packagedElement xmi:type="uml:InstanceSpecification" xmi:id="_17_0_4_2_3ed01a0_1392845218803_831676_17524">
          <specification xmi:type="uml:LiteralString" xmi:id="_17_0_4_2_3ed01a0_1392845218809_930538_17526" value="The content that comprises the Financial Industry Business Ontology (FIBO) is documentation, interpretable in formal logic, of the concepts represented by finance industry terms as used in official financial organization documents such as contracts, product/service specifications and governance and regulatory compliance documents."/>
        </packagedElement>
        <packagedElement xmi:type="uml:InstanceSpecification" xmi:id="_17_0_4_2_3ed01a0_1392845218836_626960_17533">
          <specification xmi:type="uml:LiteralString" xmi:id="_17_0_4_2_3ed01a0_1392845218842_790779_17535" value="http://www.w3.org/standards/techs/owl#w3c_all"/>
        </packagedElement>
        <packagedElement xmi:type="uml:InstanceSpecification" xmi:id="_17_0_4_2_3ed01a0_1392845218891_959847_17546">
          <specification xmi:type="uml:LiteralString" xmi:id="_17_0_4_2_3ed01a0_1392845218898_383183_17548" value="Thematix Partners LLC"/>
        </packagedElement>
        <packagedElement xmi:type="uml:InstanceSpecification" xmi:id="_17_0_4_2_3ed01a0_1392845218927_999252_17555">
          <specification xmi:type="uml:LiteralString" xmi:id="_17_0_4_2_3ed01a0_1392845218934_721572_17557" value="FIBO-FND"/>
        </packagedElement>
        <packagedElement xmi:type="uml:InstanceSpecification" xmi:id="_17_0_4_2_3ed01a0_1392845218965_486371_17564">
          <specification xmi:type="uml:LiteralString" xmi:id="_17_0_4_2_3ed01a0_1392845218972_740961_17566" value="http://www.omg.org/issues/"/>
        </packagedElement>
        <packagedElement xmi:type="uml:InstanceSpecification" xmi:id="_17_0_4_2_3ed01a0_1392845219003_652310_17573">
          <specification xmi:type="uml:LiteralString" xmi:id="_17_0_4_2_3ed01a0_1392845219010_833185_17575" value="Financial Industry Business Ontology (FIBO) Foundations Specification"/>
        </packagedElement>
        <packagedElement xmi:type="uml:InstanceSpecification" xmi:id="_17_0_4_2_3ed01a0_1392845219043_753662_17582">
          <specification xmi:type="uml:LiteralString" xmi:id="_17_0_4_2_3ed01a0_1392845219050_610371_17584" value="2014-02-24T18:00:00"/>
        </packagedElement>
        <packagedElement xmi:type="uml:InstanceSpecification" xmi:id="_17_0_4_2_3ed01a0_1392845219081_689047_17591">
          <specification xmi:type="uml:LiteralString" xmi:id="_17_0_4_2_3ed01a0_1392845219087_180566_17593" value="http://www.omg.org/spec/EDMC-FIBO/"/>
        </packagedElement>
        <packagedElement xmi:type="uml:InstanceSpecification" xmi:id="_17_0_4_2_3ed01a0_1392845219108_680923_17600">
          <specification xmi:type="uml:LiteralString" xmi:id="_17_0_4_2_3ed01a0_1392845219114_973130_17602" value="http://www.omg.org/spec/ODM/"/>
        </packagedElement>
        <packagedElement xmi:type="uml:InstanceSpecification" xmi:id="_17_0_4_2_3ed01a0_1392845219139_160207_17609">
          <specification xmi:type="uml:LiteralString" xmi:id="_17_0_4_2_3ed01a0_1392845219144_725024_17611" value="http://www.omg.org/spec/EDMC-FIBO/FND/1.0/"/>
        </packagedElement>
        <packagedElement xmi:type="uml:InstanceSpecification" xmi:id="_17_0_4_2_3ed01a0_1392845219166_808216_17618">
          <specification xmi:type="uml:LiteralString" xmi:id="_17_0_4_2_3ed01a0_1392845219171_340636_17620" value="fibo-fnd-utl-math"/>
        </packagedElement>
        <packagedElement xmi:type="uml:InstanceSpecification" xmi:id="_17_0_4_2_3ed01a0_1392845219194_532694_17627">
          <specification xmi:type="uml:LiteralString" xmi:id="_17_0_4_2_3ed01a0_1392845219200_840510_17629" value="EDM Council, Inc."/>
        </packagedElement>
        <packagedElement xmi:type="uml:InstanceSpecification" xmi:id="_17_0_4_2_3ed01a0_1392845219225_903122_17636">
          <specification xmi:type="uml:LiteralString" xmi:id="_17_0_4_2_3ed01a0_1392845219231_331942_17638" value="Math"/>
        </packagedElement>
        <packagedElement xmi:type="uml:InstanceSpecification" xmi:id="_17_0_4_2_3ed01a0_1392845219254_8715_17645">
          <specification xmi:type="uml:LiteralString" xmi:id="_17_0_4_2_3ed01a0_1392845219259_501886_17647" value="adopted specification"/>
        </packagedElement>
        <packagedElement xmi:type="uml:InstanceSpecification" xmi:id="_17_0_4_2_3ed01a0_1392845219283_838183_17654">
          <specification xmi:type="uml:LiteralString" xmi:id="_17_0_4_2_3ed01a0_1392845219289_506351_17656" value="Financial Industry Business Ontology (FIBO)"/>
        </packagedElement>
        <packagedElement xmi:type="uml:InstanceSpecification" xmi:id="_17_0_4_2_3ed01a0_1392845219316_966777_17663">
          <specification xmi:type="uml:LiteralString" xmi:id="_17_0_4_2_3ed01a0_1392845219321_358707_17665" value="finance"/>
        </packagedElement>
        <packagedElement xmi:type="uml:InstanceSpecification" xmi:id="_17_0_4_2_3ed01a0_1392845219355_374224_17672">
          <specification xmi:type="uml:LiteralString" xmi:id="_17_0_4_2_3ed01a0_1392845219360_295703_17674" value="http://www.omg.org/spec/EDMC-FIBO/FND/20140201/Utilities/Math/"/>
        </packagedElement>
        <packagedElement xmi:type="uml:InstanceSpecification" xmi:id="_17_0_4_2_3ed01a0_1392845219377_368778_17679">
          <specification xmi:type="uml:LiteralString" xmi:id="_17_0_4_2_3ed01a0_1392845219383_789340_17681" value="http://fdtf.omg.org/"/>
        </packagedElement>
        <packagedElement xmi:type="uml:InstanceSpecification" xmi:id="_17_0_4_2_3ed01a0_1392845219477_69565_17688">
          <specification xmi:type="uml:LiteralString" xmi:id="_17_0_4_2_3ed01a0_1392845219481_8269_17690" value="Financial Industry Business Ontology"/>
        </packagedElement>
        <packagedElement xmi:type="uml:InstanceSpecification" xmi:id="_17_0_4_2_3ed01a0_1392845219500_82643_17697">
          <specification xmi:type="uml:LiteralString" xmi:id="_17_0_4_2_3ed01a0_1392845219504_840375_17699" value="http://www.omg.org/spec/EDMC-FIBO/FND/Utilities/AnnotationVocabulary/"/>
        </packagedElement>
        <packagedElement xmi:type="uml:InstanceSpecification" xmi:id="_17_0_4_2_3ed01a0_1392845219526_731890_17706">
          <specification xmi:type="uml:LiteralString" xmi:id="_17_0_4_2_3ed01a0_1392845219530_595478_17708" value="Copyright (c) 2014 EDM Council, Inc.&#xA;Copyright (c) 2014 Object Management Group, Inc."/>
        </packagedElement>
        <packagedElement xmi:type="uml:InstanceSpecification" xmi:id="_17_0_4_2_3ed01a0_1392845219548_601459_17715">
          <specification xmi:type="uml:LiteralString" xmi:id="_17_0_4_2_3ed01a0_1392845219553_913448_17717" value="vocabulary"/>
        </packagedElement>
        <packagedElement xmi:type="uml:InstanceSpecification" xmi:id="_17_0_4_2_3ed01a0_1393120645622_208250_17847">
          <classifier href="http://www.omg.org/spec/ODM/20131101/RDFLibrary.xmi#_16_5_4_630020f_1257990628394_116475_394"/>
          <specification xmi:type="uml:LiteralString" xmi:id="_17_0_4_2_3ed01a0_1393120645774_148090_17860" value="This ontology was added to Foundations in advance of the March 2014 Reston VA meeting in support of the IND RFC."/>
        </packagedElement>
      </packagedElement>
      <packagedElement xmi:type="uml:Package" xmi:id="_17_0_4_2_3ed01a0_1392845210636_967651_17038" name="Facts-Model"/>
      <packagedElement xmi:type="uml:Package" xmi:id="_17_0_4_2_3ed01a0_1392845210643_617344_17040" name="Facts-Individual">
        <packagedElement xmi:type="uml:Dependency" xmi:id="_17_0_4_2_3ed01a0_1392845218169_576387_17364">
          <client xmi:idref="_17_0_4_2_3ed01a0_1392845218148_54091_17359"/>
          <supplier href="http://www.omg.org/techprocess/ab/20130701/core-proxies.xml#_17_0_2_e980341_1314902551623_389425_4950"/>
        </packagedElement>
        <packagedElement xmi:type="uml:Dependency" xmi:id="_17_0_4_2_3ed01a0_1392845218209_519398_17373">
          <client xmi:idref="_17_0_4_2_3ed01a0_1392845218177_4237_17366"/>
          <supplier href="http://www.omg.org/techprocess/ab/20130701/SpecificationMetadata.xml#_17_0_4_1_e980341_1377027086674_868190_16229"/>
        </packagedElement>
        <packagedElement xmi:type="uml:Dependency" xmi:id="_17_0_4_2_3ed01a0_1392845218241_219912_17382">
          <client xmi:idref="_17_0_4_2_3ed01a0_1392845218215_153043_17375"/>
          <supplier href="http://www.omg.org/techprocess/ab/20130701/SpecificationMetadata.xml#_17_0_4_1_e980341_1377027086752_854417_16259"/>
        </packagedElement>
        <packagedElement xmi:type="uml:Dependency" xmi:id="_17_0_4_2_3ed01a0_1392845218274_713305_17391">
          <client xmi:idref="_17_0_4_2_3ed01a0_1392845218249_777022_17384"/>
          <supplier href="http://www.omg.org/techprocess/ab/20130701/SpecificationMetadata.xml#_17_0_4_1_e980341_1377027087110_637010_16409"/>
        </packagedElement>
        <packagedElement xmi:type="uml:Dependency" xmi:id="_17_0_4_2_3ed01a0_1392845218305_968068_17400">
          <client xmi:idref="_17_0_4_2_3ed01a0_1392845218282_963941_17393"/>
          <supplier href="http://www.omg.org/techprocess/ab/20130701/SpecificationMetadata.xml#_17_0_4_1_e980341_1377027086596_481715_16199"/>
        </packagedElement>
        <packagedElement xmi:type="uml:Dependency" xmi:id="_17_0_4_2_3ed01a0_1392845218351_469790_17409">
          <client xmi:idref="_17_0_4_2_3ed01a0_1392845218314_520680_17402"/>
          <supplier href="http://www.omg.org/techprocess/ab/20130701/terms-proxies.xml#_17_0_2_e980341_1313953843846_724070_14294"/>
        </packagedElement>
        <packagedElement xmi:type="uml:Dependency" xmi:id="_17_0_4_2_3ed01a0_1392845218379_525191_17418">
          <client xmi:idref="_17_0_4_2_3ed01a0_1392845218358_256705_17411"/>
          <supplier href="http://www.omg.org/techprocess/ab/20130701/SpecificationMetadata.xml#_17_0_4_1_e980341_1377027085909_445933_15944"/>
        </packagedElement>
        <packagedElement xmi:type="uml:Dependency" xmi:id="_17_0_4_2_3ed01a0_1392845218410_41418_17427">
          <client xmi:idref="_17_0_4_2_3ed01a0_1392845218385_947647_17420"/>
          <supplier href="http://www.omg.org/techprocess/ab/20130701/SpecificationMetadata.xml#_17_0_4_1_e980341_1377027087173_51644_16439"/>
        </packagedElement>
        <packagedElement xmi:type="uml:Dependency" xmi:id="_17_0_4_2_3ed01a0_1392845218446_597206_17436">
          <client xmi:idref="_17_0_4_2_3ed01a0_1392845218418_589877_17429"/>
          <supplier href="http://www.omg.org/techprocess/ab/20130701/SpecificationMetadata.xml#_17_0_4_1_e980341_1377027085987_776055_15974"/>
        </packagedElement>
        <packagedElement xmi:type="uml:Dependency" xmi:id="_17_0_4_2_3ed01a0_1392845218476_732828_17445">
          <client xmi:idref="_17_0_4_2_3ed01a0_1392845218453_490287_17438"/>
          <supplier href="http://www.omg.org/techprocess/ab/20130701/SpecificationMetadata.xml#_17_0_4_1_e980341_1377027086596_481715_16199"/>
        </packagedElement>
        <packagedElement xmi:type="uml:Dependency" xmi:id="_17_0_4_2_3ed01a0_1392845218510_633965_17454">
          <client xmi:idref="_17_0_4_2_3ed01a0_1392845218484_986085_17447"/>
          <supplier href="http://www.omg.org/techprocess/ab/20130701/SpecificationMetadata.xml#_17_0_4_1_e980341_1377027085956_381356_15959"/>
        </packagedElement>
        <packagedElement xmi:type="uml:Dependency" xmi:id="_17_0_4_2_3ed01a0_1392845218547_384489_17463">
          <client xmi:idref="_17_0_4_2_3ed01a0_1392845218519_197990_17456"/>
          <supplier href="http://www.omg.org/techprocess/ab/20130701/core-proxies.xml#_17_0_2_e980341_1314902551794_980402_4995"/>
        </packagedElement>
        <packagedElement xmi:type="uml:Dependency" xmi:id="_17_0_4_2_3ed01a0_1392845218585_310584_17472">
          <client xmi:idref="_17_0_4_2_3ed01a0_1392845218556_990343_17465"/>
          <supplier href="http://www.omg.org/techprocess/ab/20130701/SpecificationMetadata.xml#_17_0_4_1_e980341_1377027086596_481715_16199"/>
        </packagedElement>
        <packagedElement xmi:type="uml:Dependency" xmi:id="_17_0_4_2_3ed01a0_1392845218620_720177_17481">
          <client xmi:idref="_17_0_4_2_3ed01a0_1392845218594_7156_17474"/>
          <supplier href="http://www.omg.org/techprocess/ab/20130701/terms-proxies.xml#_17_0_2_e980341_1313953843846_724070_14294"/>
        </packagedElement>
        <packagedElement xmi:type="uml:Dependency" xmi:id="_17_0_4_2_3ed01a0_1392845218680_773327_17493">
          <client xmi:idref="_17_0_4_2_3ed01a0_1392845218652_269284_17486"/>
          <supplier href="http://www.omg.org/techprocess/ab/20130701/SpecificationMetadata.xml#_17_0_4_1_e980341_1377027086814_973255_16289"/>
        </packagedElement>
        <packagedElement xmi:type="uml:Dependency" xmi:id="_17_0_4_2_3ed01a0_1392845218714_48200_17502">
          <client xmi:idref="_17_0_4_2_3ed01a0_1392845218688_806786_17495"/>
          <supplier href="http://www.omg.org/techprocess/ab/20130701/SpecificationMetadata.xml#_17_0_4_1_e980341_1377027087142_452464_16424"/>
        </packagedElement>
        <packagedElement xmi:type="uml:Dependency" xmi:id="_17_0_4_2_3ed01a0_1392845218747_602886_17511">
          <client xmi:idref="_17_0_4_2_3ed01a0_1392845218722_897906_17504"/>
          <supplier href="http://www.omg.org/techprocess/ab/20130701/SpecificationMetadata.xml#_17_0_4_1_e980341_1377027086876_938931_16319"/>
        </packagedElement>
        <packagedElement xmi:type="uml:Dependency" xmi:id="_17_0_4_2_3ed01a0_1392845218781_728479_17520">
          <client xmi:idref="_17_0_4_2_3ed01a0_1392845218755_244338_17513"/>
          <supplier href="http://www.omg.org/techprocess/ab/20130701/SpecificationMetadata.xml#_17_0_4_1_e980341_1377027086096_195290_16019"/>
        </packagedElement>
        <packagedElement xmi:type="uml:Dependency" xmi:id="_17_0_4_2_3ed01a0_1392845218815_494383_17529">
          <client xmi:idref="_17_0_4_2_3ed01a0_1392845218789_968972_17522"/>
          <supplier href="http://www.omg.org/techprocess/ab/20130701/SpecificationMetadata.xml#_17_0_4_1_e980341_1377027086908_932921_16334"/>
        </packagedElement>
        <packagedElement xmi:type="uml:Dependency" xmi:id="_17_0_4_2_3ed01a0_1392845218846_528885_17538">
          <client xmi:idref="_17_0_4_2_3ed01a0_1392845218821_851258_17531"/>
          <supplier href="http://www.omg.org/techprocess/ab/20130701/SpecificationMetadata.xml#_17_0_4_1_e980341_1377027087376_278134_16529"/>
        </packagedElement>
        <packagedElement xmi:type="uml:Dependency" xmi:id="_17_0_4_2_3ed01a0_1392845218871_739886_17542">
          <client xmi:idref="_17_0_4_2_3ed01a0_1392845218854_451188_17540"/>
          <supplier href="http://www.omg.org/techprocess/ab/20130701/SpecificationMetadata.xml#_17_0_4_1_e980341_1377027085878_916818_15929"/>
        </packagedElement>
        <packagedElement xmi:type="uml:Dependency" xmi:id="_17_0_4_2_3ed01a0_1392845218903_540910_17551">
          <client xmi:idref="_17_0_4_2_3ed01a0_1392845218879_852116_17544"/>
          <supplier href="http://www.omg.org/techprocess/ab/20130701/SpecificationMetadata.xml#_17_0_4_1_e980341_1377027086096_195290_16019"/>
        </packagedElement>
        <packagedElement xmi:type="uml:Dependency" xmi:id="_17_0_4_2_3ed01a0_1392845218940_554226_17560">
          <client xmi:idref="_17_0_4_2_3ed01a0_1392845218911_487972_17553"/>
          <supplier href="http://www.omg.org/techprocess/ab/20130701/SpecificationMetadata.xml#_17_0_4_1_e980341_1377027086705_214077_16244"/>
        </packagedElement>
        <packagedElement xmi:type="uml:Dependency" xmi:id="_17_0_4_2_3ed01a0_1392845218977_238555_17569">
          <client xmi:idref="_17_0_4_2_3ed01a0_1392845218948_315185_17562"/>
          <supplier href="http://www.omg.org/techprocess/ab/20130701/SpecificationMetadata.xml#_17_0_4_1_e980341_1377027086642_724821_16214"/>
        </packagedElement>
        <packagedElement xmi:type="uml:Dependency" xmi:id="_17_0_4_2_3ed01a0_1392845219017_579656_17578">
          <client xmi:idref="_17_0_4_2_3ed01a0_1392845218987_461033_17571"/>
          <supplier href="http://www.omg.org/techprocess/ab/20130701/SpecificationMetadata.xml#_17_0_4_1_e980341_1377027086783_783360_16274"/>
        </packagedElement>
        <packagedElement xmi:type="uml:Dependency" xmi:id="_17_0_4_2_3ed01a0_1392845219056_949016_17587">
          <client xmi:idref="_17_0_4_2_3ed01a0_1392845219027_26068_17580"/>
          <supplier href="http://www.omg.org/techprocess/ab/20130701/SpecificationMetadata.xml#_17_0_4_1_e980341_1377027086939_123404_16349"/>
        </packagedElement>
        <packagedElement xmi:type="uml:Dependency" xmi:id="_17_0_4_2_3ed01a0_1392845219089_870323_17596">
          <client xmi:idref="_17_0_4_2_3ed01a0_1392845219066_266219_17589"/>
          <supplier href="http://www.omg.org/techprocess/ab/20130701/SpecificationMetadata.xml#_17_0_4_1_e980341_1377027086362_997230_16124"/>
        </packagedElement>
        <packagedElement xmi:type="uml:Dependency" xmi:id="_17_0_4_2_3ed01a0_1392845219118_539405_17605">
          <client xmi:idref="_17_0_4_2_3ed01a0_1392845219097_479163_17598"/>
          <supplier href="http://www.omg.org/techprocess/ab/20130701/SpecificationMetadata.xml#_17_0_4_1_e980341_1377027087376_278134_16529"/>
        </packagedElement>
        <packagedElement xmi:type="uml:Dependency" xmi:id="_17_0_4_2_3ed01a0_1392845219148_974103_17614">
          <client xmi:idref="_17_0_4_2_3ed01a0_1392845219126_774458_17607"/>
          <supplier href="http://www.omg.org/techprocess/ab/20130701/SpecificationMetadata.xml#_17_0_4_1_e980341_1377027087032_996836_16379"/>
        </packagedElement>
        <packagedElement xmi:type="uml:Dependency" xmi:id="_17_0_4_2_3ed01a0_1392845219176_356971_17623">
          <client xmi:idref="_17_0_4_2_3ed01a0_1392845219153_568606_17616"/>
          <supplier href="http://www.omg.org/techprocess/ab/20130701/SpecificationMetadata.xml#_17_0_4_1_e980341_1377027087204_146805_16454"/>
        </packagedElement>
        <packagedElement xmi:type="uml:Dependency" xmi:id="_17_0_4_2_3ed01a0_1392845219205_796506_17632">
          <client xmi:idref="_17_0_4_2_3ed01a0_1392845219183_172892_17625"/>
          <supplier href="http://www.omg.org/techprocess/ab/20130701/SpecificationMetadata.xml#_17_0_4_1_e980341_1377027087438_335757_16559"/>
        </packagedElement>
        <packagedElement xmi:type="uml:Dependency" xmi:id="_17_0_4_2_3ed01a0_1392845219235_333568_17641">
          <client xmi:idref="_17_0_4_2_3ed01a0_1392845219212_756981_17634"/>
          <supplier href="http://www.omg.org/techprocess/ab/20130701/SpecificationMetadata.xml#_17_0_4_1_e980341_1377027086845_442717_16304"/>
        </packagedElement>
        <packagedElement xmi:type="uml:Dependency" xmi:id="_17_0_4_2_3ed01a0_1392845219263_350655_17650">
          <client xmi:idref="_17_0_4_2_3ed01a0_1392845219242_758147_17643"/>
          <supplier href="http://www.omg.org/techprocess/ab/20130701/SpecificationMetadata.xml#_17_0_4_1_e980341_1377027087344_558695_16514"/>
        </packagedElement>
        <packagedElement xmi:type="uml:Dependency" xmi:id="_17_0_4_2_3ed01a0_1392845219295_847128_17659">
          <client xmi:idref="_17_0_4_2_3ed01a0_1392845219269_288535_17652"/>
          <supplier href="http://www.omg.org/techprocess/ab/20130701/SpecificationMetadata.xml#_17_0_4_1_e980341_1377027087485_301739_16574"/>
        </packagedElement>
        <packagedElement xmi:type="uml:Dependency" xmi:id="_17_0_4_2_3ed01a0_1392845219327_753517_17668">
          <client xmi:idref="_17_0_4_2_3ed01a0_1392845219304_71248_17661"/>
          <supplier href="http://www.omg.org/techprocess/ab/20130701/SpecificationMetadata.xml#_17_0_4_1_e980341_1377027085847_790583_15914"/>
        </packagedElement>
        <packagedElement xmi:type="uml:Dependency" xmi:id="_17_0_4_2_3ed01a0_1392845219462_393062_17684">
          <client xmi:idref="_17_0_4_2_3ed01a0_1392845219365_237625_17677"/>
          <supplier href="http://www.omg.org/techprocess/ab/20130701/SpecificationMetadata.xml#_17_0_4_1_e980341_1377027087064_245305_16394"/>
        </packagedElement>
        <packagedElement xmi:type="uml:Dependency" xmi:id="_17_0_4_2_3ed01a0_1392845219486_987830_17693">
          <client xmi:idref="_17_0_4_2_3ed01a0_1392845219468_59545_17686"/>
          <supplier href="http://www.omg.org/techprocess/ab/20130701/SpecificationMetadata.xml#_17_0_4_1_e980341_1377027086596_481715_16199"/>
        </packagedElement>
        <packagedElement xmi:type="uml:Dependency" xmi:id="_17_0_4_2_3ed01a0_1392845219510_887154_17702">
          <client xmi:idref="_17_0_4_2_3ed01a0_1392845219491_986191_17695"/>
          <supplier href="http://www.omg.org/techprocess/ab/20130701/SpecificationMetadata.xml#_17_0_4_1_e980341_1377027086752_854417_16259"/>
        </packagedElement>
        <packagedElement xmi:type="uml:Dependency" xmi:id="_17_0_4_2_3ed01a0_1392845219533_197094_17711">
          <client xmi:idref="_17_0_4_2_3ed01a0_1392845219517_177504_17704"/>
          <supplier href="http://www.omg.org/techprocess/ab/20130701/SpecificationMetadata.xml#_17_0_4_1_e980341_1377027087282_819424_16484"/>
        </packagedElement>
        <packagedElement xmi:type="uml:Dependency" xmi:id="_17_0_4_2_3ed01a0_1392845219559_812602_17720">
          <client xmi:idref="_17_0_4_2_3ed01a0_1392845219539_741900_17713"/>
          <supplier href="http://www.omg.org/techprocess/ab/20130701/SpecificationMetadata.xml#_17_0_4_1_e980341_1377027086596_481715_16199"/>
        </packagedElement>
      </packagedElement>
    </packagedElement>
    <packagedElement xmi:type="uml:AssociationClass" xmi:id="_17_0_4_2_3ed01a0_1392845218029_65163_17341" name="hasOperand">
      <memberEnd xmi:idref="_17_0_4_2_3ed01a0_1392845218029_791952_17342"/>
      <memberEnd xmi:idref="_17_0_4_2_3ed01a0_1392845218029_882763_17343"/>
      <navigableOwnedEnd xmi:idref="_17_0_4_2_3ed01a0_1392845218029_791952_17342"/>
      <ownedEnd xmi:type="uml:Property" xmi:id="_17_0_4_2_3ed01a0_1392845218029_791952_17342" name="hasOperand" visibility="public" type="_17_0_4_2_3ed01a0_1392845212031_41923_17049" association="_17_0_4_2_3ed01a0_1392845218029_65163_17341">
        <lowerValue xmi:type="uml:LiteralUnlimitedNatural" xmi:id="_17_0_4_2_3ed01a0_1392845218111_54423_17352"/>
        <upperValue xmi:type="uml:LiteralUnlimitedNatural" xmi:id="_17_0_4_2_3ed01a0_1392845218111_788997_17353" value="*"/>
      </ownedEnd>
      <ownedEnd xmi:type="uml:Property" xmi:id="_17_0_4_2_3ed01a0_1392845218029_882763_17343" name="subject" visibility="private" type="_17_0_4_2_3ed01a0_1392845212031_41923_17049" association="_17_0_4_2_3ed01a0_1392845218029_65163_17341">
        <lowerValue xmi:type="uml:LiteralUnlimitedNatural" xmi:id="_17_0_4_2_3ed01a0_1392845218111_760511_17354"/>
        <upperValue xmi:type="uml:LiteralUnlimitedNatural" xmi:id="_17_0_4_2_3ed01a0_1392845218112_234221_17355" value="*"/>
      </ownedEnd>
    </packagedElement>
    <packagedElement xmi:type="uml:Dependency" xmi:id="_17_0_4_2_3ed01a0_1393120650813_177034_17864">
      <client xmi:idref="_17_0_4_2_3ed01a0_1392845210508_772445_17013"/>
      <supplier xmi:idref="_17_0_4_2_3ed01a0_1393120645622_208250_17847"/>
    </packagedElement>
    <packagedElement xmi:type="uml:Dependency" xmi:id="_17_0_4_2_3ed01a0_1393120655098_974724_17873">
      <client xmi:idref="_17_0_4_2_3ed01a0_1393120650813_177034_17864"/>
      <supplier href="http://www.omg.org/techprocess/ab/20130701/core-proxies.xml#_17_0_2_e980341_1314902551656_59037_4959"/>
    </packagedElement>
  </uml:Package>
  <RDFProfile:fact xmi:id="_17_0_4_2_3ed01a0_1392845218763_111671_17514" base_Dependency="_17_0_4_2_3ed01a0_1392845218755_244338_17513"/>
  <RDFProfile:fact xmi:id="_17_0_4_2_3ed01a0_1392845218222_790388_17376" base_Dependency="_17_0_4_2_3ed01a0_1392845218215_153043_17375"/>
  <RDFProfile:fact xmi:id="_17_0_4_2_3ed01a0_1392845218729_430078_17505" base_Dependency="_17_0_4_2_3ed01a0_1392845218722_897906_17504"/>
  <RDFProfile:predicate xmi:id="_17_0_4_2_3ed01a0_1392845219266_761706_17651" base_Dependency="_17_0_4_2_3ed01a0_1392845219263_350655_17650"/>
  <RDFProfile:predicate xmi:id="_17_0_4_2_3ed01a0_1392845219331_955307_17669" base_Dependency="_17_0_4_2_3ed01a0_1392845219327_753517_17668"/>
  <RDFProfile:predicate xmi:id="_17_0_4_2_3ed01a0_1392845219093_561779_17597" base_Dependency="_17_0_4_2_3ed01a0_1392845219089_870323_17596"/>
  <RDFProfile:namespaceDefinition xmi:id="_17_0_4_2_3ed01a0_1392845217181_430762_17312" namespacePrefix="rdfs" namespaceIRI="http://www.w3.org/2000/01/rdf-schema#" base_InstanceSpecification="_17_0_4_2_3ed01a0_1392845217178_617498_17311"/>
  <RDFProfile:predicate xmi:id="_17_0_4_2_3ed01a0_1392845219466_249920_17685" base_Dependency="_17_0_4_2_3ed01a0_1392845219462_393062_17684"/>
  <RDFProfile:predicate xmi:id="_17_0_4_2_3ed01a0_1392845218718_459474_17503" base_Dependency="_17_0_4_2_3ed01a0_1392845218714_48200_17502"/>
  <RDFProfile:predicate xmi:id="_17_0_4_2_3ed01a0_1392845218514_871241_17455" base_Dependency="_17_0_4_2_3ed01a0_1392845218510_633965_17454"/>
  <RDFProfile:literal xmi:id="_17_0_4_2_3ed01a0_1392845218971_698838_17565" base_InstanceSpecification="_17_0_4_2_3ed01a0_1392845218965_486371_17564">
    <datatype href="http://www.omg.org/spec/ODM/20131101/XSDLibrary.xmi#_16_0_1_630020f_1243274369378_175606_1819"/>
  </RDFProfile:literal>
  <RDFProfile:predicate xmi:id="_17_0_4_2_3ed01a0_1392845219061_945903_17588" base_Dependency="_17_0_4_2_3ed01a0_1392845219056_949016_17587"/>
  <RDFProfile:literal xmi:id="_17_0_4_2_3ed01a0_1392845218933_792454_17556" datatype="_17_0_4_2_3ed01a0_1392845212262_88002_17080" base_InstanceSpecification="_17_0_4_2_3ed01a0_1392845218927_999252_17555"/>
  <RDFProfile:literal xmi:id="_17_0_4_2_3ed01a0_1392845218897_780747_17547" datatype="_17_0_4_2_3ed01a0_1392845212262_88002_17080" base_InstanceSpecification="_17_0_4_2_3ed01a0_1392845218891_959847_17546"/>
  <RDFProfile:literal xmi:id="_17_0_4_2_3ed01a0_1392845219288_115487_17655" datatype="_17_0_4_2_3ed01a0_1392845212262_88002_17080" base_InstanceSpecification="_17_0_4_2_3ed01a0_1392845219283_838183_17654"/>
  <RDFProfile:identifier xmi:id="_17_0_4_2_3ed01a0_1392845210850_329261_17048" base_Dependency="_17_0_4_2_3ed01a0_1392845210842_259218_17047"/>
  <RDFProfile:predicate xmi:id="_17_0_4_2_3ed01a0_1392845219208_353568_17633" base_Dependency="_17_0_4_2_3ed01a0_1392845219205_796506_17632"/>
  <RDFProfile:predicate xmi:id="_17_0_4_2_3ed01a0_1392845218355_885375_17410" base_Dependency="_17_0_4_2_3ed01a0_1392845218351_469790_17409"/>
  <RDFProfile:predicate xmi:id="_17_0_4_2_3ed01a0_1392845218382_431784_17419" base_Dependency="_17_0_4_2_3ed01a0_1392845218379_525191_17418"/>
  <RDFProfile:literal xmi:id="_17_0_4_2_3ed01a0_1392845218234_587278_17378" base_InstanceSpecification="_17_0_4_2_3ed01a0_1392845218229_517348_17377">
    <datatype href="http://www.omg.org/spec/ODM/20131101/XSDLibrary.xmi#_16_0_1_630020f_1243274369378_175606_1819"/>
  </RDFProfile:literal>
  <OWLProfile:objectProperty xmi:id="_17_0_4_2_3ed01a0_1392845218035_18731_17344" base_Association="_17_0_4_2_3ed01a0_1392845218029_65163_17341">
    <label>has operand</label>
  </OWLProfile:objectProperty>
  <RDFProfile:literal xmi:id="_17_0_4_2_3ed01a0_1392845218774_964366_17516" datatype="_17_0_4_2_3ed01a0_1392845212262_88002_17080" base_InstanceSpecification="_17_0_4_2_3ed01a0_1392845218770_53876_17515"/>
  <RDFProfile:literal xmi:id="_17_0_4_2_3ed01a0_1392845219481_544107_17689" datatype="_17_0_4_2_3ed01a0_1392845212262_88002_17080" base_InstanceSpecification="_17_0_4_2_3ed01a0_1392845219477_69565_17688"/>
  <RDFProfile:predicate xmi:id="_17_0_4_2_3ed01a0_1392845218211_658045_17374" base_Dependency="_17_0_4_2_3ed01a0_1392845218209_519398_17373"/>
  <RDFProfile:rdfsDatatype xmi:id="_17_0_4_2_3ed01a0_1392845212215_327033_17071" base_DataType="_17_0_4_2_3ed01a0_1392845212207_71707_17070"/>
  <RDFProfile:predicate xmi:id="_17_0_4_2_3ed01a0_1392845218308_68388_17401" base_Dependency="_17_0_4_2_3ed01a0_1392845218305_968068_17400"/>
  <RDFProfile:literal xmi:id="_17_0_4_2_3ed01a0_1392845219359_6992_17673" base_InstanceSpecification="_17_0_4_2_3ed01a0_1392845219355_374224_17672">
    <datatype href="http://www.omg.org/spec/ODM/20131101/XSDLibrary.xmi#_16_0_1_630020f_1243274369378_175606_1819"/>
  </RDFProfile:literal>
  <RDFProfile:fact xmi:id="_17_0_4_2_3ed01a0_1392845219218_220881_17635" base_Dependency="_17_0_4_2_3ed01a0_1392845219212_756981_17634"/>
  <RDFProfile:predicate xmi:id="_17_0_4_2_3ed01a0_1392845218480_169970_17446" base_Dependency="_17_0_4_2_3ed01a0_1392845218476_732828_17445"/>
  <RDFProfile:fact xmi:id="_17_0_4_2_3ed01a0_1392845218695_332906_17496" base_Dependency="_17_0_4_2_3ed01a0_1392845218688_806786_17495"/>
  <RDFProfile:fact xmi:id="_17_0_4_2_3ed01a0_1392845218995_317377_17572" base_Dependency="_17_0_4_2_3ed01a0_1392845218987_461033_17571"/>
  <OWLProfile:owlDiagram base_Element="_17_0_4_2_3ed01a0_1392845212561_745270_17131" xmi:id="_17_0_4_2_3ed01a0_1392845212570_839125_17142application1"/>
  <RDFProfile:rdfsDatatype xmi:id="_17_0_4_2_3ed01a0_1392845212269_810856_17081" base_DataType="_17_0_4_2_3ed01a0_1392845212262_88002_17080"/>
  <RDFProfile:fact xmi:id="_17_0_4_2_3ed01a0_1392845219133_330742_17608" base_Dependency="_17_0_4_2_3ed01a0_1392845219126_774458_17607"/>
  <OWLProfile:owlClass base_Class="_17_0_4_2_3ed01a0_1392845212031_41923_17049" xmi:id="_17_0_4_2_3ed01a0_1392845212038_136543_17050"/>
  <RDFProfile:literal xmi:id="_17_0_4_2_3ed01a0_1392845219320_879181_17664" datatype="_17_0_4_2_3ed01a0_1392845212262_88002_17080" base_InstanceSpecification="_17_0_4_2_3ed01a0_1392845219316_966777_17663"/>
  <RDFProfile:fact xmi:id="_17_0_4_2_3ed01a0_1392845219160_115785_17617" base_Dependency="_17_0_4_2_3ed01a0_1392845219153_568606_17616"/>
  <RDFProfile:identifier xmi:id="_17_0_4_2_3ed01a0_1392845218061_930416_17350" base_Dependency="_17_0_4_2_3ed01a0_1392845218055_304426_17349"/>
  <RDFProfile:fact xmi:id="_17_0_4_2_3ed01a0_1393120650814_701334_17865" base_Dependency="_17_0_4_2_3ed01a0_1393120650813_177034_17864"/>
  <RDFProfile:literal xmi:id="_17_0_4_2_3ed01a0_1392845218840_613904_17534" base_InstanceSpecification="_17_0_4_2_3ed01a0_1392845218836_626960_17533">
    <datatype href="http://www.omg.org/spec/ODM/20131101/XSDLibrary.xmi#_16_0_1_630020f_1243274369378_175606_1819"/>
  </RDFProfile:literal>
  <RDFProfile:fact xmi:id="_17_0_4_2_3ed01a0_1392845219188_742688_17626" base_Dependency="_17_0_4_2_3ed01a0_1392845219183_172892_17625"/>
  <RDFProfile:literal xmi:id="_17_0_4_2_3ed01a0_1392845218438_602618_17432" datatype="_17_0_4_2_3ed01a0_1392845212262_88002_17080" base_InstanceSpecification="_17_0_4_2_3ed01a0_1392845218432_243563_17431"/>
  <RDFProfile:literal xmi:id="_17_0_4_2_3ed01a0_1393120645623_490022_17848" base_InstanceSpecification="_17_0_4_2_3ed01a0_1393120645622_208250_17847"/>
  <RDFProfile:IRI xmi:id="_17_0_4_2_3ed01a0_1392845212288_529178_17085" base_LiteralString="_17_0_4_2_3ed01a0_1392845212281_190243_17083"/>
  <RDFProfile:about base_Generalization="_17_0_4_2_3ed01a0_1392845212145_760093_17058" xmi:id="_17_0_4_2_3ed01a0_1392845212150_510547_17059"/>
  <RDFProfile:predicate xmi:id="_17_0_4_2_3ed01a0_1392845219238_879376_17642" base_Dependency="_17_0_4_2_3ed01a0_1392845219235_333568_17641"/>
  <RDFProfile:predicate xmi:id="_17_0_4_2_3ed01a0_1392845218818_761925_17530" base_Dependency="_17_0_4_2_3ed01a0_1392845218815_494383_17529"/>
  <RDFProfile:literal xmi:id="_17_0_4_2_3ed01a0_1392845218373_432306_17414" datatype="_17_0_4_2_3ed01a0_1392845212262_88002_17080" base_InstanceSpecification="_17_0_4_2_3ed01a0_1392845218369_861546_17413"/>
  <RDFProfile:literal xmi:id="_17_0_4_2_3ed01a0_1392845218808_359049_17525" datatype="_17_0_4_2_3ed01a0_1392845212262_88002_17080" base_InstanceSpecification="_17_0_4_2_3ed01a0_1392845218803_831676_17524"/>
  <RDFProfile:literal xmi:id="_17_0_4_2_3ed01a0_1392845218299_571242_17396" datatype="_17_0_4_2_3ed01a0_1392845212262_88002_17080" base_InstanceSpecification="_17_0_4_2_3ed01a0_1392845218294_750238_17395"/>
  <RDFProfile:IRI xmi:id="_17_0_4_2_3ed01a0_1392845212230_97105_17074" base_InstanceSpecification="_17_0_4_2_3ed01a0_1392845212226_867730_17072"/>
  <RDFProfile:literal xmi:id="_17_0_4_2_3ed01a0_1392845218403_656351_17423" datatype="_17_0_4_2_3ed01a0_1392845212262_88002_17080" base_InstanceSpecification="_17_0_4_2_3ed01a0_1392845218397_344039_17422"/>
  <RDFProfile:literal xmi:id="_17_0_4_2_3ed01a0_1392845218469_854806_17441" datatype="_17_0_4_2_3ed01a0_1392845212262_88002_17080" base_InstanceSpecification="_17_0_4_2_3ed01a0_1392845218465_679270_17440"/>
  <RDFProfile:literal xmi:id="_17_0_4_2_3ed01a0_1392845219230_798540_17637" datatype="_17_0_4_2_3ed01a0_1392845212262_88002_17080" base_InstanceSpecification="_17_0_4_2_3ed01a0_1392845219225_903122_17636"/>
  <OWLProfile:owlImports xmi:id="_17_0_4_2_3ed01a0_1392845214387_858101_17194" base_PackageImport="_17_0_4_2_3ed01a0_1392845214336_865831_17193"/>
  <RDFProfile:fact xmi:id="_17_0_4_2_3ed01a0_1392845218920_807499_17554" base_Dependency="_17_0_4_2_3ed01a0_1392845218911_487972_17553"/>
  <RDFProfile:namespaceDefinition xmi:id="_17_0_4_2_3ed01a0_1392845217197_748441_17326" namespacePrefix="fibo-fnd-utl-av" namespaceIRI="http://www.omg.org/spec/EDMC-FIBO/FND/Utilities/AnnotationVocabulary/" base_InstanceSpecification="_17_0_4_2_3ed01a0_1392845217194_758083_17325"/>
  <OWLProfile:owlOntology namespaceDefinition="_17_0_4_2_3ed01a0_1392845217105_939829_17267 _17_0_4_2_3ed01a0_1392845217138_755604_17276 _17_0_4_2_3ed01a0_1392845217146_232192_17283 _17_0_4_2_3ed01a0_1392845217155_509378_17290 _17_0_4_2_3ed01a0_1392845217162_987027_17297 _17_0_4_2_3ed01a0_1392845217170_909949_17304 _17_0_4_2_3ed01a0_1392845217178_617498_17311 _17_0_4_2_3ed01a0_1392845217186_974524_17318 _17_0_4_2_3ed01a0_1392845217194_758083_17325 _17_0_4_2_3ed01a0_1392845217202_925108_17332" xmi:id="_17_0_4_2_3ed01a0_1392845210535_421043_17014" defaultNamespace="http://www.omg.org/spec/EDMC-FIBO/FND/Utilities/Math/" base_Package="_17_0_4_2_3ed01a0_1392845210508_772445_17013" versionIRI="_17_0_4_2_3ed01a0_1393103548062_82191_17233">
    <label>Financial Industry Business Ontology (FIBO) Mathematical Ontology</label>
    <xmlBase>http://www.omg.org/spec/EDMC-FIBO/FND/Utilities/Math/</xmlBase>
  </OWLProfile:owlOntology>
  <RDFProfile:namespaceDefinition xmi:id="_17_0_4_2_3ed01a0_1392845217109_695026_17268" namespacePrefix="" namespaceIRI="http://www.omg.org/spec/EDMC-FIBO/FND/Utilities/Math/" base_InstanceSpecification="_17_0_4_2_3ed01a0_1392845217105_939829_17267"/>
  <RDFProfile:predicate xmi:id="_17_0_4_2_3ed01a0_1392845218552_877611_17464" base_Dependency="_17_0_4_2_3ed01a0_1392845218547_384489_17463"/>
  <RDFProfile:fact xmi:id="_17_0_4_2_3ed01a0_1392845219309_384376_17662" base_Dependency="_17_0_4_2_3ed01a0_1392845219304_71248_17661"/>
  <RDFProfile:fact xmi:id="_17_0_4_2_3ed01a0_1392845218426_499829_17430" base_Dependency="_17_0_4_2_3ed01a0_1392845218418_589877_17429"/>
  <RDFProfile:IRI xmi:id="_17_0_4_2_3ed01a0_1392845212126_109812_17054" base_InstanceSpecification="_17_0_4_2_3ed01a0_1392845212123_345516_17052"/>
  <RDFProfile:literal xmi:id="_17_0_4_2_3ed01a0_1392845219258_805505_17646" datatype="_17_0_4_2_3ed01a0_1392845212262_88002_17080" base_InstanceSpecification="_17_0_4_2_3ed01a0_1392845219254_8715_17645"/>
  <RDFProfile:literal xmi:id="_17_0_4_2_3ed01a0_1392845219381_280057_17680" base_InstanceSpecification="_17_0_4_2_3ed01a0_1392845219377_368778_17679">
    <datatype href="http://www.omg.org/spec/ODM/20131101/XSDLibrary.xmi#_16_0_1_630020f_1243274369378_175606_1819"/>
  </RDFProfile:literal>
  <RDFProfile:IRI xmi:id="_17_0_4_2_3ed01a0_1392845218045_436878_17347" base_InstanceSpecification="_17_0_4_2_3ed01a0_1392845218041_62724_17345"/>
  <RDFProfile:fact xmi:id="_17_0_4_2_3ed01a0_1392845219544_713501_17714" base_Dependency="_17_0_4_2_3ed01a0_1392845219539_741900_17713"/>
  <RDFProfile:fact xmi:id="_17_0_4_2_3ed01a0_1392845219248_423506_17644" base_Dependency="_17_0_4_2_3ed01a0_1392845219242_758147_17643"/>
  <RDFProfile:namespaceDefinition xmi:id="_17_0_4_2_3ed01a0_1392845217173_307934_17305" namespacePrefix="xsd" namespaceIRI="http://www.w3.org/2001/XMLSchema#" base_InstanceSpecification="_17_0_4_2_3ed01a0_1392845217170_909949_17304"/>
  <RDFProfile:predicate xmi:id="_17_0_4_2_3ed01a0_1392845218245_465969_17383" base_Dependency="_17_0_4_2_3ed01a0_1392845218241_219912_17382"/>
  <RDFProfile:fact xmi:id="_17_0_4_2_3ed01a0_1392845218363_40049_17412" base_Dependency="_17_0_4_2_3ed01a0_1392845218358_256705_17411"/>
  <RDFProfile:literal xmi:id="_17_0_4_2_3ed01a0_1392845219009_839568_17574" datatype="_17_0_4_2_3ed01a0_1392845212262_88002_17080" base_InstanceSpecification="_17_0_4_2_3ed01a0_1392845219003_652310_17573"/>
  <RDFProfile:predicate xmi:id="_17_0_4_2_3ed01a0_1392845219537_119730_17712" base_Dependency="_17_0_4_2_3ed01a0_1392845219533_197094_17711"/>
  <RDFProfile:about base_Generalization="_17_0_4_2_3ed01a0_1392845212363_659089_17098" xmi:id="_17_0_4_2_3ed01a0_1392845212369_588718_17099"/>
  <RDFProfile:IRI xmi:id="_17_0_4_2_3ed01a0_1392845212285_931509_17084" base_InstanceSpecification="_17_0_4_2_3ed01a0_1392845212281_725956_17082"/>
  <RDFProfile:about base_Generalization="_17_0_4_2_3ed01a0_1392845212247_579454_17078" xmi:id="_17_0_4_2_3ed01a0_1392845212252_676129_17079"/>
  <RDFProfile:about base_Generalization="_17_0_4_2_3ed01a0_1392845212305_659007_17088" xmi:id="_17_0_4_2_3ed01a0_1392845212309_674682_17089"/>
  <RDFProfile:literal xmi:id="_17_0_4_2_3ed01a0_1392845219086_314067_17592" base_InstanceSpecification="_17_0_4_2_3ed01a0_1392845219081_689047_17591">
    <datatype href="http://www.omg.org/spec/ODM/20131101/XSDLibrary.xmi#_16_0_1_630020f_1243274369378_175606_1819"/>
  </RDFProfile:literal>
  <RDFProfile:predicate xmi:id="_17_0_4_2_3ed01a0_1392845218875_274193_17543" base_Dependency="_17_0_4_2_3ed01a0_1392845218871_739886_17542"/>
  <RDFProfile:predicate xmi:id="_17_0_4_2_3ed01a0_1392845219151_200782_17615" base_Dependency="_17_0_4_2_3ed01a0_1392845219148_974103_17614"/>
  <OWLProfile:owlImports xmi:id="_17_0_4_2_3ed01a0_1392845214190_801278_17176" base_PackageImport="_17_0_4_2_3ed01a0_1392845214145_251097_17175"/>
  <RDFProfile:predicate xmi:id="_17_0_4_2_3ed01a0_1392845218850_472590_17539" base_Dependency="_17_0_4_2_3ed01a0_1392845218846_528885_17538"/>
  <RDFProfile:predicate xmi:id="_17_0_4_2_3ed01a0_1392845218173_663285_17365" base_Dependency="_17_0_4_2_3ed01a0_1392845218169_576387_17364"/>
  <RDFProfile:fact xmi:id="_17_0_4_2_3ed01a0_1392845219276_617471_17653" base_Dependency="_17_0_4_2_3ed01a0_1392845219269_288535_17652"/>
  <RDFProfile:predicate xmi:id="_17_0_4_2_3ed01a0_1392845218982_400048_17570" base_Dependency="_17_0_4_2_3ed01a0_1392845218977_238555_17569"/>
  <RDFProfile:IRI xmi:id="_17_0_4_2_3ed01a0_1392845212346_307843_17095" base_LiteralString="_17_0_4_2_3ed01a0_1392845212338_987980_17093"/>
  <RDFProfile:namespaceDefinition xmi:id="_17_0_4_2_3ed01a0_1392845217150_681892_17284" namespacePrefix="dct" namespaceIRI="http://purl.org/dc/terms/" base_InstanceSpecification="_17_0_4_2_3ed01a0_1392845217146_232192_17283"/>
  <RDFProfile:fact xmi:id="_17_0_4_2_3ed01a0_1392845218828_201958_17532" base_Dependency="_17_0_4_2_3ed01a0_1392845218821_851258_17531"/>
  <RDFProfile:fact xmi:id="_17_0_4_2_3ed01a0_1392845218603_652497_17475" base_Dependency="_17_0_4_2_3ed01a0_1392845218594_7156_17474"/>
  <RDFProfile:IRI xmi:id="_17_0_4_2_3ed01a0_1392845210806_380140_17044" base_InstanceSpecification="_17_0_4_2_3ed01a0_1392845210801_374227_17042"/>
  <RDFProfile:literal xmi:id="_17_0_4_2_3ed01a0_1392845219170_859347_17619" datatype="_17_0_4_2_3ed01a0_1392845212262_88002_17080" base_InstanceSpecification="_17_0_4_2_3ed01a0_1392845219166_808216_17618"/>
  <RDFProfile:literal xmi:id="_17_0_4_2_3ed01a0_1392845218503_801538_17450" datatype="_17_0_4_2_3ed01a0_1392845212262_88002_17080" base_InstanceSpecification="_17_0_4_2_3ed01a0_1392845218497_798573_17449"/>
  <RDFProfile:predicate xmi:id="_17_0_4_2_3ed01a0_1392845219513_203535_17703" base_Dependency="_17_0_4_2_3ed01a0_1392845219510_887154_17702"/>
  <RDFProfile:fact xmi:id="_17_0_4_2_3ed01a0_1392845219343_310677_17671" base_Dependency="_17_0_4_2_3ed01a0_1392845219335_65249_17670"/>
  <RDFProfile:references xmi:id="_17_0_4_2_3ed01a0_1392845215157_26521_17251" base_PackageImport="_17_0_4_2_3ed01a0_1392845215105_166413_17250"/>
  <RDFProfile:literal xmi:id="_17_0_4_2_3ed01a0_1392845219143_797287_17610" base_InstanceSpecification="_17_0_4_2_3ed01a0_1392845219139_160207_17609">
    <datatype href="http://www.omg.org/spec/ODM/20131101/XSDLibrary.xmi#_16_0_1_630020f_1243274369378_175606_1819"/>
  </RDFProfile:literal>
  <RDFProfile:IRI xmi:id="_17_0_4_2_3ed01a0_1392845212129_95018_17055" base_LiteralString="_17_0_4_2_3ed01a0_1392845212123_779359_17053"/>
  <RDFProfile:fact xmi:id="_17_0_4_2_3ed01a0_1392845219035_540420_17581" base_Dependency="_17_0_4_2_3ed01a0_1392845219027_26068_17580"/>
  <RDFProfile:identifier xmi:id="_17_0_4_2_3ed01a0_1392845212296_567175_17087" base_Dependency="_17_0_4_2_3ed01a0_1392845212291_996388_17086"/>
  <RDFProfile:literal xmi:id="_17_0_4_2_3ed01a0_1392845219552_827585_17716" datatype="_17_0_4_2_3ed01a0_1392845212262_88002_17080" base_InstanceSpecification="_17_0_4_2_3ed01a0_1392845219548_601459_17715"/>
  <RDFProfile:literal xmi:id="_17_0_4_2_3ed01a0_1392845219049_83184_17583" base_InstanceSpecification="_17_0_4_2_3ed01a0_1392845219043_753662_17582">
    <datatype href="http://www.omg.org/spec/ODM/20131101/XSDLibrary.xmi#_16_0_1_630020f_1243274560355_79990_1875"/>
  </RDFProfile:literal>
  <RDFProfile:namespaceDefinition xmi:id="_17_0_4_2_3ed01a0_1392845217206_822147_17333" namespacePrefix="fibo-fnd-utl-math" namespaceIRI="http://www.omg.org/spec/EDMC-FIBO/FND/Utilities/Math/" base_InstanceSpecification="_17_0_4_2_3ed01a0_1392845217202_925108_17332"/>
  <RDFProfile:predicate xmi:id="_17_0_4_2_3ed01a0_1392845218785_378070_17521" base_Dependency="_17_0_4_2_3ed01a0_1392845218781_728479_17520"/>
  <RDFProfile:fact xmi:id="_17_0_4_2_3ed01a0_1392845218152_275142_17360" base_Dependency="_17_0_4_2_3ed01a0_1392845218148_54091_17359"/>
  <RDFProfile:predicate xmi:id="_17_0_4_2_3ed01a0_1392845218278_142098_17392" base_Dependency="_17_0_4_2_3ed01a0_1392845218274_713305_17391"/>
  <RDFProfile:fact xmi:id="_17_0_4_2_3ed01a0_1392845219370_165565_17678" base_Dependency="_17_0_4_2_3ed01a0_1392845219365_237625_17677"/>
  <RDFProfile:fact xmi:id="_17_0_4_2_3ed01a0_1392845218862_539993_17541" base_Dependency="_17_0_4_2_3ed01a0_1392845218854_451188_17540"/>
  <RDFProfile:literal xmi:id="_17_0_4_2_3ed01a0_1392845219529_203307_17707" datatype="_17_0_4_2_3ed01a0_1392845212262_88002_17080" base_InstanceSpecification="_17_0_4_2_3ed01a0_1392845219526_731890_17706"/>
  <RDFProfile:literal xmi:id="_17_0_4_2_3ed01a0_1392845218341_634125_17405" datatype="_17_0_4_2_3ed01a0_1392845212262_88002_17080" base_InstanceSpecification="_17_0_4_2_3ed01a0_1392845218335_106501_17404"/>
  <RDFProfile:predicate xmi:id="_17_0_4_2_3ed01a0_1392845218944_641865_17561" base_Dependency="_17_0_4_2_3ed01a0_1392845218940_554226_17560"/>
  <RDFProfile:predicate xmi:id="_17_0_4_2_3ed01a0_1392845218685_775116_17494" base_Dependency="_17_0_4_2_3ed01a0_1392845218680_773327_17493"/>
  <RDFProfile:IRI xmi:id="_17_0_4_2_3ed01a0_1393103548063_308662_17234" base_InstanceSpecification="_17_0_4_2_3ed01a0_1393103548062_82191_17233"/>
  <RDFProfile:literal xmi:id="_17_0_4_2_3ed01a0_1392845218573_57062_17468" datatype="_17_0_4_2_3ed01a0_1392845212262_88002_17080" base_InstanceSpecification="_17_0_4_2_3ed01a0_1392845218569_189076_17467"/>
  <RDFProfile:literal xmi:id="_17_0_4_2_3ed01a0_1392845219113_823969_17601" base_InstanceSpecification="_17_0_4_2_3ed01a0_1392845219108_680923_17600">
    <datatype href="http://www.omg.org/spec/ODM/20131101/XSDLibrary.xmi#_16_0_1_630020f_1243274369378_175606_1819"/>
  </RDFProfile:literal>
  <RDFProfile:fact xmi:id="_17_0_4_2_3ed01a0_1392845219521_793880_17705" base_Dependency="_17_0_4_2_3ed01a0_1392845219517_177504_17704"/>
  <RDFProfile:predicate xmi:id="_17_0_4_2_3ed01a0_1392845218449_573937_17437" base_Dependency="_17_0_4_2_3ed01a0_1392845218446_597206_17436"/>
  <RDFProfile:fact xmi:id="_17_0_4_2_3ed01a0_1392845218255_932433_17385" base_Dependency="_17_0_4_2_3ed01a0_1392845218249_777022_17384"/>
  <RDFProfile:predicate xmi:id="_17_0_4_2_3ed01a0_1392845219488_179019_17694" base_Dependency="_17_0_4_2_3ed01a0_1392845219486_987830_17693"/>
  <RDFProfile:fact xmi:id="_17_0_4_2_3ed01a0_1392845219496_66293_17696" base_Dependency="_17_0_4_2_3ed01a0_1392845219491_986191_17695"/>
  <RDFProfile:predicate xmi:id="_17_0_4_2_3ed01a0_1392845219023_167835_17579" base_Dependency="_17_0_4_2_3ed01a0_1392845219017_579656_17578"/>
  <RDFProfile:IRI xmi:id="_17_0_4_2_3ed01a0_1392845212341_209690_17094" base_InstanceSpecification="_17_0_4_2_3ed01a0_1392845212338_927016_17092"/>
  <RDFProfile:predicate xmi:id="_17_0_4_2_3ed01a0_1392845218907_223680_17552" base_Dependency="_17_0_4_2_3ed01a0_1392845218903_540910_17551"/>
  <RDFProfile:fact xmi:id="_17_0_4_2_3ed01a0_1392845218796_240606_17523" base_Dependency="_17_0_4_2_3ed01a0_1392845218789_968972_17522"/>
  <RDFProfile:identifier xmi:id="_17_0_4_2_3ed01a0_1392845212242_380443_17077" base_Dependency="_17_0_4_2_3ed01a0_1392845212237_633906_17076"/>
  <RDFProfile:identifier xmi:id="_17_0_4_2_3ed01a0_1392845212137_363591_17057" base_Dependency="_17_0_4_2_3ed01a0_1392845212133_234884_17056"/>
  <OWLProfile:owlClass base_Class="_17_0_4_2_3ed01a0_1392845212158_869538_17060" xmi:id="_17_0_4_2_3ed01a0_1392845212164_264895_17061"/>
  <RDFProfile:IRI xmi:id="_17_0_4_2_3ed01a0_1392845212177_729011_17064" base_InstanceSpecification="_17_0_4_2_3ed01a0_1392845212174_841052_17062"/>
  <RDFProfile:literal xmi:id="_17_0_4_2_3ed01a0_1392845219503_293996_17698" base_InstanceSpecification="_17_0_4_2_3ed01a0_1392845219500_82643_17697">
    <datatype href="http://www.omg.org/spec/ODM/20131101/XSDLibrary.xmi#_16_0_1_630020f_1243274369378_175606_1819"/>
  </RDFProfile:literal>
  <RDFProfile:namespaceDefinition xmi:id="_17_0_4_2_3ed01a0_1392845217189_938628_17319" namespacePrefix="skos" namespaceIRI="http://www.w3.org/2004/02/skos/core#" base_InstanceSpecification="_17_0_4_2_3ed01a0_1392845217186_974524_17318"/>
  <RDFProfile:literal xmi:id="_17_0_4_2_3ed01a0_1392845218742_122622_17507" base_InstanceSpecification="_17_0_4_2_3ed01a0_1392845218737_920878_17506">
    <datatype href="http://www.omg.org/spec/ODM/20131101/XSDLibrary.xmi#_16_0_1_630020f_1243274369378_175606_1819"/>
  </RDFProfile:literal>
  <RDFProfile:IRI xmi:id="_17_0_4_2_3ed01a0_1392845210841_659847_17046" base_LiteralString="_17_0_4_2_3ed01a0_1392845210801_765528_17043"/>
  <RDFProfile:fact xmi:id="_17_0_4_2_3ed01a0_1392845218885_694233_17545" base_Dependency="_17_0_4_2_3ed01a0_1392845218879_852116_17544"/>
  <RDFProfile:literal xmi:id="_17_0_4_2_3ed01a0_1392845218615_50526_17477" base_InstanceSpecification="_17_0_4_2_3ed01a0_1392845218609_483964_17476">
    <datatype href="http://www.omg.org/spec/ODM/20131101/XSDLibrary.xmi#_16_0_1_630020f_1243274369378_175606_1819"/>
  </RDFProfile:literal>
  <RDFProfile:predicate xmi:id="_17_0_4_2_3ed01a0_1392845219180_360983_17624" base_Dependency="_17_0_4_2_3ed01a0_1392845219176_356971_17623"/>
  <RDFProfile:predicate xmi:id="_17_0_4_2_3ed01a0_1392845219563_213522_17721" base_Dependency="_17_0_4_2_3ed01a0_1392845219559_812602_17720"/>
  <RDFProfile:fact xmi:id="_17_0_4_2_3ed01a0_1392845218459_309743_17439" base_Dependency="_17_0_4_2_3ed01a0_1392845218453_490287_17438"/>
  <RDFProfile:fact xmi:id="_17_0_4_2_3ed01a0_1392845218391_513456_17421" base_Dependency="_17_0_4_2_3ed01a0_1392845218385_947647_17420"/>
  <RDFProfile:literal xmi:id="_17_0_4_2_3ed01a0_1392845218166_319223_17362" base_InstanceSpecification="_17_0_4_2_3ed01a0_1392845218161_480106_17361"/>
  <RDFProfile:fact xmi:id="_17_0_4_2_3ed01a0_1392845218491_203055_17448" base_Dependency="_17_0_4_2_3ed01a0_1392845218484_986085_17447"/>
  <OWLProfile:objectProperty base_Property="_17_0_4_2_3ed01a0_1392845218029_791952_17342" xmi:id="_17_0_4_2_3ed01a0_1392845218110_402917_17351"/>
  <RDFProfile:rdfsClass base_Class="_17_0_4_2_3ed01a0_1392845212319_305538_17090" xmi:id="_17_0_4_2_3ed01a0_1392845212326_510812_17091"/>
  <RDFProfile:references xmi:id="_17_0_4_2_3ed01a0_1392845214537_710810_17211" base_PackageImport="_17_0_4_2_3ed01a0_1392845214503_911581_17210"/>
  <RDFProfile:identifier xmi:id="_17_0_4_2_3ed01a0_1392845212188_660498_17067" base_Dependency="_17_0_4_2_3ed01a0_1392845212184_237555_17066"/>
  <RDFProfile:namespaceDefinition xmi:id="_17_0_4_2_3ed01a0_1392845217158_421089_17291" namespacePrefix="owl" namespaceIRI="http://www.w3.org/2002/07/owl#" base_InstanceSpecification="_17_0_4_2_3ed01a0_1392845217155_509378_17290"/>
  <RDFProfile:fact xmi:id="_17_0_4_2_3ed01a0_1392845218288_196870_17394" base_Dependency="_17_0_4_2_3ed01a0_1392845218282_963941_17393"/>
  <RDFProfile:predicate xmi:id="_17_0_4_2_3ed01a0_1392845218590_222374_17473" base_Dependency="_17_0_4_2_3ed01a0_1392845218585_310584_17472"/>
  <RDFProfile:fact xmi:id="_17_0_4_2_3ed01a0_1392845219103_913362_17599" base_Dependency="_17_0_4_2_3ed01a0_1392845219097_479163_17598"/>
  <RDFProfile:IRI xmi:id="_17_0_4_2_3ed01a0_1392845218050_554372_17348" base_LiteralString="_17_0_4_2_3ed01a0_1392845218041_152999_17346"/>
  <RDFProfile:predicate xmi:id="_17_0_4_2_3ed01a0_1392845218414_973434_17428" base_Dependency="_17_0_4_2_3ed01a0_1392845218410_41418_17427"/>
  <RDFProfile:namespaceDefinition xmi:id="_17_0_4_2_3ed01a0_1392845217166_961627_17298" namespacePrefix="rdf" namespaceIRI="http://www.w3.org/1999/02/22-rdf-syntax-ns#" base_InstanceSpecification="_17_0_4_2_3ed01a0_1392845217162_987027_17297"/>
  <RDFProfile:fact xmi:id="_17_0_4_2_3ed01a0_1392845219473_232080_17687" base_Dependency="_17_0_4_2_3ed01a0_1392845219468_59545_17686"/>
  <RDFProfile:literal xmi:id="_17_0_4_2_3ed01a0_1392845218707_304578_17498" datatype="_17_0_4_2_3ed01a0_1392845212262_88002_17080" base_InstanceSpecification="_17_0_4_2_3ed01a0_1392845218702_25070_17497"/>
  <RDFProfile:fact xmi:id="_17_0_4_2_3ed01a0_1392845219074_831072_17590" base_Dependency="_17_0_4_2_3ed01a0_1392845219066_266219_17589"/>
  <RDFProfile:references xmi:id="_17_0_4_2_3ed01a0_1392845214917_64002_17234" base_PackageImport="_17_0_4_2_3ed01a0_1392845214864_235891_17233"/>
  <RDFProfile:fact xmi:id="_17_0_4_2_3ed01a0_1392845218323_222918_17403" base_Dependency="_17_0_4_2_3ed01a0_1392845218314_520680_17402"/>
  <RDFProfile:fact xmi:id="_17_0_4_2_3ed01a0_1392845218527_329399_17457" base_Dependency="_17_0_4_2_3ed01a0_1392845218519_197990_17456"/>
  <RDFProfile:IRI xmi:id="_17_0_4_2_3ed01a0_1392845212234_489540_17075" base_LiteralString="_17_0_4_2_3ed01a0_1392845212227_278147_17073"/>
  <RDFProfile:literal xmi:id="_17_0_4_2_3ed01a0_1392845218674_984074_17489" datatype="_17_0_4_2_3ed01a0_1392845212262_88002_17080" base_InstanceSpecification="_17_0_4_2_3ed01a0_1392845218669_920261_17488"/>
  <RDFProfile:fact xmi:id="_17_0_4_2_3ed01a0_1392845218183_925474_17367" base_Dependency="_17_0_4_2_3ed01a0_1392845218177_4237_17366"/>
  <RDFProfile:predicate xmi:id="_17_0_4_2_3ed01a0_1392845219122_148184_17606" base_Dependency="_17_0_4_2_3ed01a0_1392845219118_539405_17605"/>
  <RDFProfile:literal xmi:id="_17_0_4_2_3ed01a0_1392845218268_760630_17387" datatype="_17_0_4_2_3ed01a0_1392845212262_88002_17080" base_InstanceSpecification="_17_0_4_2_3ed01a0_1392845218263_616307_17386"/>
  <RDFProfile:literal xmi:id="_17_0_4_2_3ed01a0_1392845218198_622408_17369" datatype="_17_0_4_2_3ed01a0_1392845212262_88002_17080" base_InstanceSpecification="_17_0_4_2_3ed01a0_1392845218193_584694_17368"/>
  <RDFProfile:IRI xmi:id="_17_0_4_2_3ed01a0_1392845212180_536517_17065" base_LiteralString="_17_0_4_2_3ed01a0_1392845212174_979489_17063"/>
  <RDFProfile:identifier xmi:id="_17_0_4_2_3ed01a0_1392845212356_924647_17097" base_Dependency="_17_0_4_2_3ed01a0_1392845212351_353502_17096"/>
  <RDFProfile:predicate xmi:id="_17_0_4_2_3ed01a0_1392845219300_935542_17660" base_Dependency="_17_0_4_2_3ed01a0_1392845219295_847128_17659"/>
  <RDFProfile:predicate xmi:id="_17_0_4_2_3ed01a0_1392845218751_665454_17512" base_Dependency="_17_0_4_2_3ed01a0_1392845218747_602886_17511"/>
  <RDFProfile:fact xmi:id="_17_0_4_2_3ed01a0_1392845218662_934538_17487" base_Dependency="_17_0_4_2_3ed01a0_1392845218652_269284_17486"/>
  <RDFProfile:predicate xmi:id="_17_0_4_2_3ed01a0_1393120655098_846324_17874" base_Dependency="_17_0_4_2_3ed01a0_1393120655098_974724_17873"/>
  <RDFProfile:namespaceDefinition xmi:id="_17_0_4_2_3ed01a0_1392845217142_736461_17277" namespacePrefix="sm" namespaceIRI="http://www.omg.org/techprocess/ab/SpecificationMetadata/" base_InstanceSpecification="_17_0_4_2_3ed01a0_1392845217138_755604_17276"/>
  <RDFProfile:literal xmi:id="_17_0_4_2_3ed01a0_1392845218540_905891_17459" datatype="_17_0_4_2_3ed01a0_1392845212262_88002_17080" base_InstanceSpecification="_17_0_4_2_3ed01a0_1392845218534_505800_17458"/>
  <OWLProfile:owlDiagram base_Element="_17_0_4_2_3ed01a0_1393103509577_384031_17163" xmi:id="_17_0_4_2_3ed01a0_1393103509633_717066_17175application1"/>
  <RDFProfile:predicate xmi:id="_17_0_4_2_3ed01a0_1392845218624_136693_17482" base_Dependency="_17_0_4_2_3ed01a0_1392845218620_720177_17481"/>
  <RDFProfile:fact xmi:id="_17_0_4_2_3ed01a0_1392845218957_413467_17563" base_Dependency="_17_0_4_2_3ed01a0_1392845218948_315185_17562"/>
  <RDFProfile:about base_Generalization="_17_0_4_2_3ed01a0_1392845212194_343850_17068" xmi:id="_17_0_4_2_3ed01a0_1392845212199_579843_17069"/>
  <RDFProfile:fact xmi:id="_17_0_4_2_3ed01a0_1392845218563_831950_17466" base_Dependency="_17_0_4_2_3ed01a0_1392845218556_990343_17465"/>
  <RDFProfile:literal xmi:id="_17_0_4_2_3ed01a0_1392845219199_127699_17628" datatype="_17_0_4_2_3ed01a0_1392845212262_88002_17080" base_InstanceSpecification="_17_0_4_2_3ed01a0_1392845219194_532694_17627"/>
  <RDFProfile:references xmi:id="_17_0_4_2_3ed01a0_1392845214723_239010_17228" base_PackageImport="_17_0_4_2_3ed01a0_1392845214675_978442_17227"/>
</xmi:XMI>